[{"@type":"mtTask","id":"@1","name":"mct_NetSuite_Accountingperiods_Extract","description":"","runtimeEnvironmentId":"@3VSUPGMTYZubFP5msPS3IN","maxLogs":10,"verbose":false,"lastRunTime":1618497351000,"mappingId":"@evEl4mH9ZwxiFOuvMiYrAy","shortDescription":"","sessionPropertiesList":[],"enableCrossSchemaPushdown":true,"enableParallelRun":false,"autoTunedApplied":false,"autoTunedAppliedType":"NONE","parameterFileName":"db_name.param","parameterFileDir":"C:\\Program Files\\Informatica Cloud Secure Agent\\apps\\Data_Integration_Server\\data\\userparameters","paramFileType":"PARAM_FILE_LOCAL","schemaMode":"async","parameterFileEncoding":"UTF-8","serverlessProperties":{},"taskProperties":[{"@type":"taskProperty","name":"parameterFileDir","currentValue":"C:\\Program Files\\Informatica Cloud Secure Agent\\apps\\Data_Integration_Server\\data\\userparameters","type":"STRING","label":"label.parameterFileDir","required":false},{"@type":"taskProperty","name":"parameterFileName","currentValue":"db_name.param","type":"STRING","label":"label.parameterFileName","required":false}],"parameters":[{"@type":"mtTaskParameter","id":245366299,"name":"$Src_NetSuite$","type":"EXTENDED_SOURCE","label":"Src_NetSuite","uiProperties":{"connectionParameterized":"false","isMsrcFilterParameterized":"false","isMsrcSortParameterized":"false","objlabel":"SRC_OBJECT","objectParameterized":"true","objDesc":""},"sourceConnectionId":"@62tpJtSLadUk9suzUzgjwc","newFlatFile":false,"newObject":false,"showBusinessNames":true,"naturalOrder":true,"truncateTarget":false,"bulkApiDBTarget":false,"customFuncCfg":{"@type":"customFuncConfig","id":-1,"connections":[],"inputMap":[],"outputFields":[]},"tgtFieldRefs":{},"targetUpdateColumns":[],"extendedObject":{"@type":"extendedObject","object":{"@type":"mObject","name":"ACCOUNTING_PERIODS","label":"ACCOUNTING_PERIODS","metadataUpdated":false,"relations":[],"children":[]},"advancedFilterExpression":"DATE_LAST_MODIFIED IS NULL OR DATE_LAST_MODIFIED >= '$$RunDate'","filters":[],"sortFields":[]},"runtimeAttrs":{},"isRESTModernSource":true,"isFileList":false,"handleSpecialChars":false,"frsAsset":false,"dynamicFileName":false,"currentlyProcessedFileName":false,"tgtObjectAttributes":{},"runtimeParameterData":{"@type":"mtTaskRuntimeParameterData","isConnectionRuntimeParameter":false,"isObjectRuntimeParameter":false,"objectParameterName":"SRC_OBJECT"},"overriddenFields":[]},{"@type":"mtTaskParameter","id":245366302,"name":"$Tgt_Snf$","type":"TARGET","label":"Tgt_Snf","uiProperties":{"connectionParameterized":"false","objlabel":"TGT_OBJECT","objectParameterized":"true","objDesc":"","defaultTargetUpdateColumns":"","fieldMappingParameterized":"true"},"targetConnectionId":"@hkYtknnAd2EcQ58EbFM0on","targetObject":"INFOFISCUS_PARAMETER_LANDING/FINANCE/ACCOUNTINGPERIODS","targetObjectLabel":"ACCOUNTINGPERIODS","newFlatFile":false,"newObject":false,"showBusinessNames":true,"naturalOrder":true,"truncateTarget":false,"bulkApiDBTarget":false,"operationType":"Upsert","customFuncCfg":{"@type":"customFuncConfig","id":-1,"connections":[],"inputMap":[],"outputFields":[]},"tgtFieldRefs":{},"targetUpdateColumns":["ACCOUNTING_PERIOD_ID"],"extendedObject":{"@type":"extendedObject","filters":[],"sortFields":[]},"runtimeAttrs":{},"isRESTModernSource":true,"isFileList":false,"handleSpecialChars":false,"frsAsset":false,"dynamicFileName":false,"currentlyProcessedFileName":false,"tgtObjectAttributes":{},"runtimeParameterData":{"@type":"mtTaskRuntimeParameterData","isConnectionRuntimeParameter":false,"isObjectRuntimeParameter":false,"objectParameterName":"TGT_OBJECT"},"overriddenFields":[]},{"@type":"mtTaskParameter","id":245366305,"name":"$P_FIELD_MAP$","type":"STRING","text":"string (20, 0) ACCOUNTING_PERIOD_ID=ACCOUNTING_PERIOD_ID;string (3, 0) CLOSED=CLOSED;string (3, 0) CLOSED_ACCOUNTS_PAYABLE=CLOSED_ACCOUNTS_PAYABLE;string (3, 0) CLOSED_ACCOUNTS_RECEIVABLE=CLOSED_ACCOUNTS_RECEIVABLE;string (3, 0) CLOSED_ALL=CLOSED_ALL;string (38, 9) CLOSED_ON=CLOSED_ON;string (3, 0) CLOSED_PAYROLL=CLOSED_PAYROLL;string (38, 9) DATE_LAST_MODIFIED=DATE_LAST_MODIFIED;string (38, 9) ENDING=ENDING;string (38, 5) FISCAL_CALENDAR_ID=FISCAL_CALENDAR_ID;string (597, 0) FULL_NAME=FULL_NAME;string (3, 0) ISINACTIVE=ISINACTIVE;string (3, 0) LOCKED_ACCOUNTS_PAYABLE=LOCKED_ACCOUNTS_PAYABLE;string (3, 0) LOCKED_ACCOUNTS_RECEIVABLE=LOCKED_ACCOUNTS_RECEIVABLE;string (3, 0) LOCKED_ALL=LOCKED_ALL;string (3, 0) LOCKED_PAYROLL=LOCKED_PAYROLL;string (64, 0) NAME=NAME;string (20, 0) PARENT_ID=PARENT_ID;string (3, 0) QUARTER=QUARTER;string (38, 9) STARTING=STARTING;string (3, 0) YEAR_0=YEAR_0;string (38, 5) YEAR_ID=YEAR_ID;","label":"P_FIELD_MAP","description":"","uiProperties":{"paramtype":"Fieldmap","supressFieldmappingSuffix":"true","lefttitle":"Incoming Fields","righttitle":"Target Fields"},"newFlatFile":false,"newObject":false,"showBusinessNames":true,"naturalOrder":true,"truncateTarget":false,"bulkApiDBTarget":false,"customFuncCfg":{"@type":"customFuncConfig","id":-1,"connections":[],"inputMap":[],"outputFields":[]},"tgtFieldRefs":{},"targetUpdateColumns":[],"runtimeAttrs":{},"isRESTModernSource":true,"isFileList":false,"handleSpecialChars":false,"frsAsset":false,"dynamicFileName":false,"currentlyProcessedFileName":false,"tgtObjectAttributes":{},"runtimeParameterData":{"@type":"mtTaskRuntimeParameterData","isConnectionRuntimeParameter":false,"isObjectRuntimeParameter":false},"overriddenFields":[]}],"sequences":[],"inOutParameters":[{"@type":"mtTaskInOutParameter","id":"-1","name":"RunDate","description":"","initialValue":"1970-01-01 00:00:00","datatype":"STRING","precision":"30","scale":"0","retentionPolicy":"ON_SUCCESS","aggregationType":"MAX","currentValue":"2021-04-08 12:57:22"}],"connRuntimeAttrs":[]}]