[{"@type":"mappingTemplate","id":"@1","name":"m_SF_Campaign_Member_Extract","description":"","bundleVersion":"0","templateId":"@3","hasParameters":false,"valid":true,"fixedConnection":true,"hasParametersDeployed":false,"fixedConnectionDeployed":false,"tasks":1,"mappingPreviewFileRecordId":"@2","documentType":"MAPPING","references":[{"@type":"reference","refObjectId":"@8tdiexIH4lUcSGKzx0TJiE","refType":"connection"},{"@type":"reference","refObjectId":"@adqt0IVv5W6dy2VCWO3WuA","refType":"connection"}]}]