[{"@type":"mtTask","id":"@1","name":"mct_Stg_customers_Extract","description":"","runtimeEnvironmentId":"@3VSUPGMTYZubFP5msPS3IN","maxLogs":10,"verbose":false,"lastRunTime":1618478115000,"mappingId":"@1QleZhv34EZbQHfBzbNOCA","shortDescription":"","sessionPropertiesList":[],"enableCrossSchemaPushdown":true,"enableParallelRun":false,"autoTunedApplied":false,"autoTunedAppliedType":"NONE","parameterFileName":"db_name.param","parameterFileDir":"C:\\Program Files\\Informatica Cloud Secure Agent\\apps\\Data_Integration_Server\\data\\userparameters","paramFileType":"PARAM_FILE_LOCAL","schemaMode":"async","parameterFileEncoding":"UTF-8","serverlessProperties":{},"taskProperties":[{"@type":"taskProperty","name":"parameterFileDir","currentValue":"C:\\Program Files\\Informatica Cloud Secure Agent\\apps\\Data_Integration_Server\\data\\userparameters","type":"STRING","label":"label.parameterFileDir","required":false},{"@type":"taskProperty","name":"parameterFileName","currentValue":"db_name.param","type":"STRING","label":"label.parameterFileName","required":false}],"parameters":[{"@type":"mtTaskParameter","id":248229562,"name":"$Src_customer$","type":"SOURCE","label":"Src_customer","uiProperties":{"connectionParameterized":"false","objectParameterized":"false","visible":"false"},"sourceConnectionId":"@hkYtknnAd2EcQ58EbFM0on","sourceObject":"DUMMY_Src_customer","newFlatFile":false,"newObject":false,"showBusinessNames":false,"naturalOrder":true,"truncateTarget":false,"bulkApiDBTarget":false,"customFuncCfg":{"@type":"customFuncConfig","id":-1,"connections":[],"inputMap":[],"outputFields":[]},"tgtFieldRefs":{},"targetUpdateColumns":[],"runtimeAttrs":{},"isRESTModernSource":true,"customQuery":"SELECT distinct dc.FIRSTNAME\n      ,dc.LASTNAME\n      ,dc.FULL_NAME\n      ,dc.CUSTOMER_ID\n      ,dc.BILLADDRESS\n      ,dc.CATEGORY_0\n      ,dc.CATEGORY_ID\n      ,dc.CITY\n      ,dc.COMPANYNAME\n      ,dc.CONSOL_UNBILLED_ORDERS\n      ,dc.CONSOL_UNBILLED_ORDERS_FOREIGN\n      ,dc.COST_ESTIMATE\n      ,dc.COUNTRY\n      ,dc.CURRENCY_ID\n      ,dc.EMAIL\n      ,dc.FAX\n      ,dc.HOME_PHONE\n      ,dc.ISTAXABLE\n      ,dc.MOBILE_PHONE\n      ,dc.NAME\n      ,dc.OPENBALANCE\n      ,dc.OPENBALANCE_FOREIGN\n      ,dc.PARENT_ID\n      ,dc.PHONE\n      ,dc.PRIMARY_CONTACT_ID\n      ,dc.SHIPADDRESS\n      ,dc.SHIPPING_INSTRUCTIONS\n      ,dc.STATE\n      ,dc.STATUS\n      ,dc.TAX_ITEM_ID\n      ,dc.UNBILLED_ORDERS\n      ,dc.UNBILLED_ORDERS_FOREIGN\n      ,dc.URL\n      ,dc.ZIPCODE\n  FROM \"INFOFISCUS_SUMO_LANDING\".\"SUPPLYCHAIN\".\"CUSTOMERS\" dc ,\"INFOFISCUS_SUMO_LANDING\".\"SUPPLYCHAIN\".\"TRANSACTIONS\"  t\n  where dc.CUSTOMER_ID=t.ENTITY_ID\n  and TRANSACTION_TYPE='Sales Order'\n  and dc.CATEGORY_0='CUSTOMER';","isFileList":false,"handleSpecialChars":false,"frsAsset":false,"dynamicFileName":false,"currentlyProcessedFileName":false,"tgtObjectAttributes":{},"runtimeParameterData":{"@type":"mtTaskRuntimeParameterData","isConnectionRuntimeParameter":false,"isObjectRuntimeParameter":false},"overriddenFields":[]},{"@type":"mtTaskParameter","id":248229565,"name":"$Tgt_customer$","type":"TARGET","label":"Tgt_customer","uiProperties":{"connectionParameterized":"false","objectParameterized":"false","visible":"false","defaultTargetUpdateColumns":""},"targetConnectionId":"@hkYtknnAd2EcQ58EbFM0on","targetObject":"INFOFISCUS_SUMO_STAGING/SUPPLYCHAIN/STG_CUSTOMERS","targetObjectLabel":"STG_CUSTOMERS","newFlatFile":false,"newObject":false,"showBusinessNames":false,"naturalOrder":true,"truncateTarget":false,"bulkApiDBTarget":false,"operationType":"Insert","customFuncCfg":{"@type":"customFuncConfig","id":-1,"connections":[],"inputMap":[],"outputFields":[]},"tgtFieldRefs":{},"targetUpdateColumns":[],"extendedObject":{"@type":"extendedObject","filters":[],"sortFields":[]},"runtimeAttrs":{},"isRESTModernSource":true,"isFileList":false,"handleSpecialChars":false,"frsAsset":false,"dynamicFileName":false,"currentlyProcessedFileName":false,"tgtObjectAttributes":{},"runtimeParameterData":{"@type":"mtTaskRuntimeParameterData","isConnectionRuntimeParameter":false,"isObjectRuntimeParameter":false},"overriddenFields":[]}],"sequences":[],"inOutParameters":[],"connRuntimeAttrs":[]}]