[{"@type":"mtTask","id":"@1","name":"mct_Netsuite_Vendors_Extract","description":"","runtimeEnvironmentId":"@3VSUPGMTYZubFP5msPS3IN","maxLogs":10,"verbose":false,"lastRunTime":1618471859000,"mappingId":"@9CLIC76BNqhhJcOVkwsfq4","shortDescription":"","sessionPropertiesList":[],"enableCrossSchemaPushdown":true,"enableParallelRun":false,"autoTunedApplied":false,"autoTunedAppliedType":"NONE","parameterFileName":"db_name.param","parameterFileDir":"C:\\Program Files\\Informatica Cloud Secure Agent\\apps\\Data_Integration_Server\\data\\userparameters","paramFileType":"PARAM_FILE_LOCAL","schemaMode":"async","parameterFileEncoding":"UTF-8","serverlessProperties":{},"taskProperties":[{"@type":"taskProperty","name":"parameterFileDir","currentValue":"C:\\Program Files\\Informatica Cloud Secure Agent\\apps\\Data_Integration_Server\\data\\userparameters","type":"STRING","label":"label.parameterFileDir","required":false},{"@type":"taskProperty","name":"parameterFileName","currentValue":"db_name.param","type":"STRING","label":"label.parameterFileName","required":false}],"parameters":[{"@type":"mtTaskParameter","id":247453765,"name":"$Src_NetSuite$","type":"EXTENDED_SOURCE","label":"Src_NetSuite","uiProperties":{"connectionParameterized":"false","isMsrcFilterParameterized":"false","isMsrcSortParameterized":"false","objlabel":"SRC_OBJECT","objectParameterized":"true","objDesc":""},"sourceConnectionId":"@62tpJtSLadUk9suzUzgjwc","newFlatFile":false,"newObject":false,"showBusinessNames":true,"naturalOrder":true,"truncateTarget":false,"bulkApiDBTarget":false,"customFuncCfg":{"@type":"customFuncConfig","id":-1,"connections":[],"inputMap":[],"outputFields":[]},"tgtFieldRefs":{},"targetUpdateColumns":[],"extendedObject":{"@type":"extendedObject","object":{"@type":"mObject","name":"VENDORS","label":"VENDORS","metadataUpdated":false,"relations":[],"children":[]},"filters":[],"sortFields":[]},"runtimeAttrs":{},"isRESTModernSource":true,"isFileList":false,"handleSpecialChars":false,"frsAsset":false,"dynamicFileName":false,"currentlyProcessedFileName":false,"tgtObjectAttributes":{},"runtimeParameterData":{"@type":"mtTaskRuntimeParameterData","isConnectionRuntimeParameter":false,"isObjectRuntimeParameter":false,"objectParameterName":"SRC_OBJECT"},"overriddenFields":[]},{"@type":"mtTaskParameter","id":247453768,"name":"$Tgt_Snf$","type":"TARGET","label":"Tgt_Snf","uiProperties":{"connectionParameterized":"false","objlabel":"TGT_OBJECT","objectParameterized":"true","objDesc":"","defaultTargetUpdateColumns":"","fieldMappingParameterized":"true"},"targetConnectionId":"@hkYtknnAd2EcQ58EbFM0on","targetObject":"INFOFISCUS_SUMO_LANDING/SUPPLYCHAIN/VENDORS","targetObjectLabel":"VENDORS","newFlatFile":false,"newObject":false,"showBusinessNames":true,"naturalOrder":true,"truncateTarget":false,"bulkApiDBTarget":false,"operationType":"Upsert","customFuncCfg":{"@type":"customFuncConfig","id":-1,"connections":[],"inputMap":[],"outputFields":[]},"tgtFieldRefs":{},"targetUpdateColumns":["VENDOR_ID"],"extendedObject":{"@type":"extendedObject","filters":[],"sortFields":[]},"runtimeAttrs":{},"isRESTModernSource":true,"isFileList":false,"handleSpecialChars":false,"frsAsset":false,"dynamicFileName":false,"currentlyProcessedFileName":false,"tgtObjectAttributes":{},"runtimeParameterData":{"@type":"mtTaskRuntimeParameterData","isConnectionRuntimeParameter":false,"isObjectRuntimeParameter":false,"objectParameterName":"TGT_OBJECT"},"overriddenFields":[]},{"@type":"mtTaskParameter","id":247453771,"name":"$P_FIELD_MAP$","type":"STRING","text":"string (99, 0) ACCOUNTNUMBER=ACCOUNTNUMBER;string (999, 0) BILLADDRESS=BILLADDRESS;string (38, 5) BILLING_CLASS_ID=BILLING_CLASS_ID;string (38, 5) CATEGORY_ID=CATEGORY_ID;string (50, 0) CITY=CITY;string (83, 0) COMPANYNAME=COMPANYNAME;string (50, 0) COUNTRY=COUNTRY;string (38, 9) CREATE_DATE=CREATE_DATE;string (38, 5) CREDITLIMIT=CREDITLIMIT;string (38, 5) CURRENCY_ID=CURRENCY_ID;string (38, 5) CURRENT_SALES_ORDER_ID=CURRENT_SALES_ORDER_ID;string (1, 0) CUSTOMER_CREDIT_ON_HOLD=CUSTOMER_CREDIT_ON_HOLD;string (38, 9) DATE_LAST_MODIFIED=DATE_LAST_MODIFIED;string (38, 5) DEPARTMENT_ID=DEPARTMENT_ID;string (254, 0) EMAIL=EMAIL;string (100, 0) FAX=FAX;string (1800, 0) FULL_NAME=FULL_NAME;string (100, 0) HOME_PHONE=HOME_PHONE;string (38, 5) HOW_DID_YOU_HEAR_OF_US_ID=HOW_DID_YOU_HEAR_OF_US_ID;string (3, 0) ISINACTIVE=ISINACTIVE;string (150, 0) LINE1=LINE1;string (150, 0) LINE2=LINE2;string (150, 0) LINE3=LINE3;string (38, 5) MEDIUM_ID=MEDIUM_ID;string (100, 0) MOBILE_PHONE=MOBILE_PHONE;string (83, 0) NAME=NAME;string (38, 5) OPENBALANCE=OPENBALANCE;string (38, 5) OPENBALANCE_FOREIGN=OPENBALANCE_FOREIGN;string (38, 5) PAYABLES_ACCOUNT_ID=PAYABLES_ACCOUNT_ID;string (38, 5) PAYMENT_COMMITMENT_AMOUNT=PAYMENT_COMMITMENT_AMOUNT;string (38, 9) PAYMENT_COMMITMENT_DATE=PAYMENT_COMMITMENT_DATE;string (38, 5) PAYMENT_TERMS_ID=PAYMENT_TERMS_ID;string (38, 5) PAYMENT__OF_BALANCE=PAYMENT__OF_BALANCE;string (100, 0) PHONE=PHONE;string (38, 5) PRIORITY=PRIORITY;string (38, 5) PURCHASEORDERAMOUNT=PURCHASEORDERAMOUNT;string (38, 5) PURCHASEORDERQUANTITY=PURCHASEORDERQUANTITY;string (38, 5) PURCHASEORDERQUANTITYDIFF=PURCHASEORDERQUANTITYDIFF;string (38, 5) RECEIPTAMOUNT=RECEIPTAMOUNT;string (38, 5) RECEIPTQUANTITY=RECEIPTQUANTITY;string (38, 5) RECEIPTQUANTITYDIFF=RECEIPTQUANTITYDIFF;string (38, 5) RELATED_ASSET_ID=RELATED_ASSET_ID;string (38, 5) REMAINING_VENDOR_CREDIT=REMAINING_VENDOR_CREDIT;string (1, 0) SALES_ENGINEER=SALES_ENGINEER;string (999, 0) SHIPADDRESS=SHIPADDRESS;string (4000, 0) SHIPPING_INSTRUCTIONS=SHIPPING_INSTRUCTIONS;string (50, 0) STATE=STATE;string (38, 5) SUBSIDIARY=SUBSIDIARY;string (25, 0) TAXIDNUM=TAXIDNUM;string (38, 5) UNBILLED_ORDERS=UNBILLED_ORDERS;string (38, 5) UNBILLED_ORDERS_FOREIGN=UNBILLED_ORDERS_FOREIGN;string (100, 0) URL=URL;string (255, 0) VENDOR_EXTID=VENDOR_EXTID;string (38, 5) VENDOR_ID=VENDOR_ID;string (38, 5) VENDOR_LEAD_TIME=VENDOR_LEAD_TIME;string (38, 5) VENDOR_TYPE_ID=VENDOR_TYPE_ID;string (36, 0) ZIPCODE=ZIPCODE;","label":"P_FIELD_MAP","description":"","uiProperties":{"paramtype":"Fieldmap","supressFieldmappingSuffix":"true","lefttitle":"Incoming Fields","righttitle":"Target Fields"},"newFlatFile":false,"newObject":false,"showBusinessNames":true,"naturalOrder":true,"truncateTarget":false,"bulkApiDBTarget":false,"customFuncCfg":{"@type":"customFuncConfig","id":-1,"connections":[],"inputMap":[],"outputFields":[]},"tgtFieldRefs":{},"targetUpdateColumns":[],"runtimeAttrs":{},"isRESTModernSource":true,"isFileList":false,"handleSpecialChars":false,"frsAsset":false,"dynamicFileName":false,"currentlyProcessedFileName":false,"tgtObjectAttributes":{},"runtimeParameterData":{"@type":"mtTaskRuntimeParameterData","isConnectionRuntimeParameter":false,"isObjectRuntimeParameter":false},"overriddenFields":[]}],"sequences":[],"inOutParameters":[{"@type":"mtTaskInOutParameter","id":"-1","name":"RunDate","description":"","initialValue":"1970-01-01 00:00:00","datatype":"STRING","precision":"30","scale":"0","retentionPolicy":"ON_SUCCESS","aggregationType":"MAX","currentValue":"2021-04-14 07:33:43"}],"connRuntimeAttrs":[]}]