[{"@type":"mtTask","id":"@1","name":"mct_Dim_Sales_Order_Shipment_Dimload","description":"","runtimeEnvironmentId":"@3VSUPGMTYZubFP5msPS3IN","maxLogs":10,"verbose":false,"lastRunTime":1620115762000,"mappingId":"@2qd8AZ9QQfXbhYZQ7rZoMG","shortDescription":"","sessionPropertiesList":[],"enableCrossSchemaPushdown":true,"enableParallelRun":false,"autoTunedApplied":false,"autoTunedAppliedType":"NONE","parameterFileName":"db_name.param","parameterFileDir":"C:\\Program Files\\Informatica Cloud Secure Agent\\apps\\Data_Integration_Server\\data\\userparameters","paramFileType":"PARAM_FILE_LOCAL","schemaMode":"async","parameterFileEncoding":"UTF-8","serverlessProperties":{},"taskProperties":[{"@type":"taskProperty","name":"parameterFileDir","currentValue":"C:\\Program Files\\Informatica Cloud Secure Agent\\apps\\Data_Integration_Server\\data\\userparameters","type":"STRING","label":"label.parameterFileDir","required":false},{"@type":"taskProperty","name":"parameterFileName","currentValue":"db_name.param","type":"STRING","label":"label.parameterFileName","required":false}],"parameters":[{"@type":"mtTaskParameter","id":246232594,"name":"$Source_Sales_order$","type":"SOURCE","label":"Source_Sales_order","uiProperties":{"connectionParameterized":"false","objectParameterized":"false","visible":"false"},"sourceConnectionId":"@hkYtknnAd2EcQ58EbFM0on","sourceObject":"DUMMY_Source_Sales_order","newFlatFile":false,"newObject":false,"showBusinessNames":false,"naturalOrder":true,"truncateTarget":false,"bulkApiDBTarget":false,"customFuncCfg":{"@type":"customFuncConfig","id":-1,"connections":[],"inputMap":[],"outputFields":[]},"tgtFieldRefs":{},"targetUpdateColumns":[],"runtimeAttrs":{},"isRESTModernSource":true,"customQuery":"SELECT LKP.D_SALES_ORDER_KEY AS LKP_D_SALES_ORDER_KEY,SRC.* \nFROM \"INFOFISCUS_SUMO_STAGING\".\"SUPPLYCHAIN\".\"STG_SHIPMENT\" SRC LEFT OUTER JOIN \"INFOFISCUS_SUMO_DATAMART\".\"SUPPLYCHAIN\".\"DIM_SALES_SHIPMENT\" LKP\nON SRC.T_SHIP_TRANS_ID = LKP.TRANSACTION_ID AND TL_SHIP_TRANS_LINE_ID =LKP.TRANSACTION_LINE_ID","isFileList":false,"handleSpecialChars":false,"frsAsset":false,"dynamicFileName":false,"currentlyProcessedFileName":false,"tgtObjectAttributes":{},"runtimeParameterData":{"@type":"mtTaskRuntimeParameterData","isConnectionRuntimeParameter":false,"isObjectRuntimeParameter":false},"overriddenFields":[]},{"@type":"mtTaskParameter","id":246232597,"name":"$DIM_SALES_ORDER_SHIPMENT_INS$","type":"TARGET","label":"DIM_SALES_ORDER_SHIPMENT_INS","uiProperties":{"connectionParameterized":"false","objectParameterized":"false","visible":"false","defaultTargetUpdateColumns":""},"targetConnectionId":"@hkYtknnAd2EcQ58EbFM0on","targetObject":"INFOFISCUS_SUMO_DATAMART/SUPPLYCHAIN/DIM_SALES_SHIPMENT","targetObjectLabel":"DIM_SALES_SHIPMENT","newFlatFile":false,"newObject":false,"showBusinessNames":false,"naturalOrder":true,"truncateTarget":false,"bulkApiDBTarget":false,"operationType":"Insert","customFuncCfg":{"@type":"customFuncConfig","id":-1,"connections":[],"inputMap":[],"outputFields":[]},"tgtFieldRefs":{},"targetUpdateColumns":[],"extendedObject":{"@type":"extendedObject","filters":[],"sortFields":[]},"runtimeAttrs":{},"isRESTModernSource":true,"isFileList":false,"handleSpecialChars":false,"frsAsset":false,"dynamicFileName":false,"currentlyProcessedFileName":false,"tgtObjectAttributes":{},"runtimeParameterData":{"@type":"mtTaskRuntimeParameterData","isConnectionRuntimeParameter":false,"isObjectRuntimeParameter":false},"overriddenFields":[]},{"@type":"mtTaskParameter","id":246232600,"name":"$DIM_SALES_ORDER_SHIPMENT_UPD$","type":"TARGET","label":"DIM_SALES_ORDER_SHIPMENT_UPD","uiProperties":{"connectionParameterized":"false","objectParameterized":"false","visible":"false","defaultTargetUpdateColumns":"D_SALES_ORDER_KEY,ATTR1,ATTR10,ATTR2,ATTR3,ATTR4,ATTR5,ATTR6,ATTR7,ATTR8,ATTR9,BILLADDRESS,CREATE_DATE,INSERT_DATE,ITEM_ID,PROMISE_DATE,SHIPADDRESS,STATUS,TRANSACTION_ID,TRANSACTION_LINE_ID,TRANSACTION_NUMBER,TRANSACTION_TYPE,UPDATE_DATE"},"targetConnectionId":"@hkYtknnAd2EcQ58EbFM0on","targetObject":"INFOFISCUS_SUMO_DATAMART/SUPPLYCHAIN/DIM_SALES_SHIPMENT","targetObjectLabel":"DIM_SALES_SHIPMENT","newFlatFile":false,"newObject":false,"showBusinessNames":false,"naturalOrder":true,"truncateTarget":false,"bulkApiDBTarget":false,"operationType":"Update","customFuncCfg":{"@type":"customFuncConfig","id":-1,"connections":[],"inputMap":[],"outputFields":[]},"tgtFieldRefs":{},"targetUpdateColumns":["D_SALES_ORDER_KEY","ATTR1","ATTR10","ATTR2","ATTR3","ATTR4","ATTR5","ATTR6","ATTR7","ATTR8","ATTR9","BILLADDRESS","CREATE_DATE","INSERT_DATE","ITEM_ID","PROMISE_DATE","SHIPADDRESS","STATUS","TRANSACTION_ID","TRANSACTION_LINE_ID","TRANSACTION_NUMBER","TRANSACTION_TYPE","UPDATE_DATE"],"extendedObject":{"@type":"extendedObject","filters":[],"sortFields":[]},"runtimeAttrs":{},"isRESTModernSource":true,"isFileList":false,"handleSpecialChars":false,"frsAsset":false,"dynamicFileName":false,"currentlyProcessedFileName":false,"tgtObjectAttributes":{},"runtimeParameterData":{"@type":"mtTaskRuntimeParameterData","isConnectionRuntimeParameter":false,"isObjectRuntimeParameter":false},"overriddenFields":[]}],"sequences":[{"@type":"sequenceDefinition","id":"2189989","txName":"Seq_Sales_Order_Shipment","initialValue":"1","currentValue":"1"}],"inOutParameters":[],"connRuntimeAttrs":[]}]