[{"@type":"mtTask","id":"@1","name":"mct_fact_shipment_dialy_factLoad","description":"","runtimeEnvironmentId":"@3VSUPGMTYZubFP5msPS3IN","maxLogs":10,"verbose":false,"lastRunTime":1618472498000,"mappingId":"@6cdINcxOx5Vl7Eh6PytrCy","shortDescription":"","sessionPropertiesList":[],"enableCrossSchemaPushdown":true,"enableParallelRun":false,"autoTunedApplied":false,"autoTunedAppliedType":"NONE","parameterFileName":"db_name.param","parameterFileDir":"C:\\Program Files\\Informatica Cloud Secure Agent\\apps\\Data_Integration_Server\\data\\userparameters","paramFileType":"PARAM_FILE_LOCAL","schemaMode":"async","parameterFileEncoding":"UTF-8","serverlessProperties":{},"taskProperties":[{"@type":"taskProperty","name":"parameterFileDir","currentValue":"C:\\Program Files\\Informatica Cloud Secure Agent\\apps\\Data_Integration_Server\\data\\userparameters","type":"STRING","label":"label.parameterFileDir","required":false},{"@type":"taskProperty","name":"parameterFileName","currentValue":"db_name.param","type":"STRING","label":"label.parameterFileName","required":false}],"parameters":[{"@type":"mtTaskParameter","id":246041365,"name":"$Src_Shipment$","type":"SOURCE","label":"Src_Shipment","uiProperties":{"connectionParameterized":"false","objectParameterized":"false","visible":"false"},"sourceConnectionId":"@hkYtknnAd2EcQ58EbFM0on","sourceObject":"DUMMY_Src_Shipment","newFlatFile":false,"newObject":false,"showBusinessNames":false,"naturalOrder":true,"truncateTarget":false,"bulkApiDBTarget":false,"customFuncCfg":{"@type":"customFuncConfig","id":-1,"connections":[],"inputMap":[],"outputFields":[]},"tgtFieldRefs":{},"targetUpdateColumns":[],"runtimeAttrs":{},"isRESTModernSource":true,"customQuery":"select lkp.F_SHIPMENT_DAILY_KEY as lkp_F_SHIPMENT_DAILY_KEY,src.*\nfrom \"INFOFISCUS_SUMO_STAGING\".\"SUPPLYCHAIN\".\"STG_SHIPMENT\" src left outer join \"INFOFISCUS_SUMO_DATAMART\".\"SUPPLYCHAIN\".\"FACT_SHIPMENT_DAILY\" lkp\non src.SHIP_ID = lkp.SHIP_TRANS_ID and src.SHIP_LINE_ID = lkp.SHIP_TRANS_LINE_ID","isFileList":false,"handleSpecialChars":false,"frsAsset":false,"dynamicFileName":false,"currentlyProcessedFileName":false,"tgtObjectAttributes":{},"runtimeParameterData":{"@type":"mtTaskRuntimeParameterData","isConnectionRuntimeParameter":false,"isObjectRuntimeParameter":false},"overriddenFields":[]},{"@type":"mtTaskParameter","id":246041368,"name":"$FACT_SHIPMENT_INS$","type":"TARGET","label":"FACT_SHIPMENT_INS","uiProperties":{"connectionParameterized":"false","objectParameterized":"false","visible":"false","defaultTargetUpdateColumns":""},"targetConnectionId":"@hkYtknnAd2EcQ58EbFM0on","targetObject":"INFOFISCUS_SUMO_DATAMART/SUPPLYCHAIN/FACT_SHIPMENT_DAILY","targetObjectLabel":"FACT_SHIPMENT_DAILY","newFlatFile":false,"newObject":false,"showBusinessNames":false,"naturalOrder":true,"truncateTarget":true,"bulkApiDBTarget":false,"operationType":"Insert","customFuncCfg":{"@type":"customFuncConfig","id":-1,"connections":[],"inputMap":[],"outputFields":[]},"tgtFieldRefs":{},"targetUpdateColumns":[],"extendedObject":{"@type":"extendedObject","filters":[],"sortFields":[]},"runtimeAttrs":{},"isRESTModernSource":true,"isFileList":false,"handleSpecialChars":false,"frsAsset":false,"dynamicFileName":false,"currentlyProcessedFileName":false,"tgtObjectAttributes":{},"runtimeParameterData":{"@type":"mtTaskRuntimeParameterData","isConnectionRuntimeParameter":false,"isObjectRuntimeParameter":false},"overriddenFields":[]},{"@type":"mtTaskParameter","id":246041371,"name":"$FACT_SHIPMENT_UPD$","type":"TARGET","label":"FACT_SHIPMENT_UPD","uiProperties":{"connectionParameterized":"false","objectParameterized":"false","visible":"false","defaultTargetUpdateColumns":"F_SHIPMENT_DAILY_KEY"},"targetConnectionId":"@hkYtknnAd2EcQ58EbFM0on","targetObject":"INFOFISCUS_SUMO_DATAMART/SUPPLYCHAIN/FACT_SHIPMENT_DAILY","targetObjectLabel":"FACT_SHIPMENT_DAILY","newFlatFile":false,"newObject":false,"showBusinessNames":false,"naturalOrder":true,"truncateTarget":false,"bulkApiDBTarget":false,"operationType":"Update","customFuncCfg":{"@type":"customFuncConfig","id":-1,"connections":[],"inputMap":[],"outputFields":[]},"tgtFieldRefs":{},"targetUpdateColumns":["F_SHIPMENT_DAILY_KEY"],"extendedObject":{"@type":"extendedObject","filters":[],"sortFields":[]},"runtimeAttrs":{},"isRESTModernSource":true,"isFileList":false,"handleSpecialChars":false,"frsAsset":false,"dynamicFileName":false,"currentlyProcessedFileName":false,"tgtObjectAttributes":{},"runtimeParameterData":{"@type":"mtTaskRuntimeParameterData","isConnectionRuntimeParameter":false,"isObjectRuntimeParameter":false},"overriddenFields":[]},{"@type":"mtTaskParameter","id":246041374,"name":"$Lkp_Bill_Customers$","type":"LOOKUP","label":"Lkp_Bill_Customers","uiProperties":{"connectionParameterized":"false","isCachedLookup":"true","multipleMatchPolicy":"Use Any Value","objectParameterized":"false","visible":"false"},"lookupConnectionId":"@hkYtknnAd2EcQ58EbFM0on","lookupObject":"INFOFISCUS_SUMO_DATAMART/SUPPLYCHAIN/DIM_CUSTOMERS","lookupObjectLabel":"DIM_CUSTOMERS","newFlatFile":false,"newObject":false,"showBusinessNames":false,"naturalOrder":true,"truncateTarget":false,"bulkApiDBTarget":false,"customFuncCfg":{"@type":"customFuncConfig","id":-1,"connections":[],"inputMap":[],"outputFields":[]},"tgtFieldRefs":{},"targetUpdateColumns":[],"runtimeAttrs":{},"isRESTModernSource":true,"isFileList":false,"handleSpecialChars":false,"frsAsset":false,"dynamicFileName":false,"currentlyProcessedFileName":false,"tgtObjectAttributes":{},"runtimeParameterData":{"@type":"mtTaskRuntimeParameterData","isConnectionRuntimeParameter":false,"isObjectRuntimeParameter":false},"overriddenFields":[]},{"@type":"mtTaskParameter","id":246041377,"name":"$Lkp_Ship_Customers$","type":"LOOKUP","label":"Lkp_Ship_Customers","uiProperties":{"connectionParameterized":"false","isCachedLookup":"true","multipleMatchPolicy":"Use Any Value","objectParameterized":"false","visible":"false"},"lookupConnectionId":"@hkYtknnAd2EcQ58EbFM0on","lookupObject":"INFOFISCUS_SUMO_DATAMART/SUPPLYCHAIN/DIM_CUSTOMERS","lookupObjectLabel":"DIM_CUSTOMERS","newFlatFile":false,"newObject":false,"showBusinessNames":false,"naturalOrder":true,"truncateTarget":false,"bulkApiDBTarget":false,"customFuncCfg":{"@type":"customFuncConfig","id":-1,"connections":[],"inputMap":[],"outputFields":[]},"tgtFieldRefs":{},"targetUpdateColumns":[],"runtimeAttrs":{},"isRESTModernSource":true,"isFileList":false,"handleSpecialChars":false,"frsAsset":false,"dynamicFileName":false,"currentlyProcessedFileName":false,"tgtObjectAttributes":{},"runtimeParameterData":{"@type":"mtTaskRuntimeParameterData","isConnectionRuntimeParameter":false,"isObjectRuntimeParameter":false},"overriddenFields":[]},{"@type":"mtTaskParameter","id":246041380,"name":"$Lookup_Accounts$","type":"LOOKUP","label":"Lookup_Accounts","uiProperties":{"connectionParameterized":"false","isCachedLookup":"true","multipleMatchPolicy":"Use Any Value","objectParameterized":"false","visible":"false"},"lookupConnectionId":"@hkYtknnAd2EcQ58EbFM0on","lookupObject":"INFOFISCUS_SUMO_DATAMART/SUPPLYCHAIN/DIM_ACCOUNTS_BOOKING","lookupObjectLabel":"DIM_ACCOUNTS_BOOKING","newFlatFile":false,"newObject":false,"showBusinessNames":false,"naturalOrder":true,"truncateTarget":false,"bulkApiDBTarget":false,"customFuncCfg":{"@type":"customFuncConfig","id":-1,"connections":[],"inputMap":[],"outputFields":[]},"tgtFieldRefs":{},"targetUpdateColumns":[],"runtimeAttrs":{},"isRESTModernSource":true,"isFileList":false,"handleSpecialChars":false,"frsAsset":false,"dynamicFileName":false,"currentlyProcessedFileName":false,"tgtObjectAttributes":{},"runtimeParameterData":{"@type":"mtTaskRuntimeParameterData","isConnectionRuntimeParameter":false,"isObjectRuntimeParameter":false},"overriddenFields":[]},{"@type":"mtTaskParameter","id":246041383,"name":"$Lookup_product$","type":"LOOKUP","label":"Lookup_product","uiProperties":{"connectionParameterized":"false","isCachedLookup":"true","multipleMatchPolicy":"Use Any Value","objectParameterized":"false","visible":"false"},"lookupConnectionId":"@hkYtknnAd2EcQ58EbFM0on","lookupObject":"INFOFISCUS_SUMO_DATAMART/SUPPLYCHAIN/DIM_PRODUCT","lookupObjectLabel":"DIM_PRODUCT","newFlatFile":false,"newObject":false,"showBusinessNames":false,"naturalOrder":true,"truncateTarget":false,"bulkApiDBTarget":false,"customFuncCfg":{"@type":"customFuncConfig","id":-1,"connections":[],"inputMap":[],"outputFields":[]},"tgtFieldRefs":{},"targetUpdateColumns":[],"runtimeAttrs":{},"isRESTModernSource":true,"isFileList":false,"handleSpecialChars":false,"frsAsset":false,"dynamicFileName":false,"currentlyProcessedFileName":false,"tgtObjectAttributes":{},"runtimeParameterData":{"@type":"mtTaskRuntimeParameterData","isConnectionRuntimeParameter":false,"isObjectRuntimeParameter":false},"overriddenFields":[]},{"@type":"mtTaskParameter","id":246041386,"name":"$SALES_ORDER$","type":"LOOKUP","label":"SALES_ORDER","uiProperties":{"connectionParameterized":"false","isCachedLookup":"true","multipleMatchPolicy":"Use Any Value","objectParameterized":"false","visible":"false"},"lookupConnectionId":"@hkYtknnAd2EcQ58EbFM0on","lookupObject":"INFOFISCUS_SUMO_DATAMART/SUPPLYCHAIN/DIM_SALES_SHIPMENT","lookupObjectLabel":"DIM_SALES_SHIPMENT","newFlatFile":false,"newObject":false,"showBusinessNames":false,"naturalOrder":true,"truncateTarget":false,"bulkApiDBTarget":false,"customFuncCfg":{"@type":"customFuncConfig","id":-1,"connections":[],"inputMap":[],"outputFields":[]},"tgtFieldRefs":{},"targetUpdateColumns":[],"runtimeAttrs":{},"isRESTModernSource":true,"isFileList":false,"handleSpecialChars":false,"frsAsset":false,"dynamicFileName":false,"currentlyProcessedFileName":false,"tgtObjectAttributes":{},"runtimeParameterData":{"@type":"mtTaskRuntimeParameterData","isConnectionRuntimeParameter":false,"isObjectRuntimeParameter":false},"overriddenFields":[]}],"sequences":[{"@type":"sequenceDefinition","id":"2186884","txName":"Seq_Shipment","initialValue":"1","currentValue":"2"}],"inOutParameters":[],"connRuntimeAttrs":[]}]