[{"@type":"mappingTemplate","id":"@1","name":"CUSTOMER","description":"","bundleVersion":"0","templateId":"@3","deployTime":1617962585000,"hasParameters":false,"valid":true,"fixedConnection":true,"hasParametersDeployed":false,"fixedConnectionDeployed":true,"tasks":0,"mappingPreviewFileRecordId":"@2","documentType":"MAPPING","references":[{"@type":"reference","refObjectId":"@hkYtknnAd2EcQ58EbFM0on","refType":"connection"},{"@type":"reference","refObjectId":"@62tpJtSLadUk9suzUzgjwc","refType":"connection"}]}]