[{"@type":"mappingTemplate","id":"@1","name":"m_netsuite_Vendor_extract","description":"","bundleVersion":"0","templateId":"@3","deployTime":1623235132000,"hasParameters":false,"valid":true,"fixedConnection":true,"hasParametersDeployed":false,"fixedConnectionDeployed":true,"tasks":1,"mappingPreviewFileRecordId":"@2","documentType":"MAPPING","references":[{"@type":"reference","refObjectId":"@hkYtknnAd2EcQ58EbFM0on","refType":"connection"},{"@type":"reference","refObjectId":"@4S19wMbZGfKcPtfz3mS9sG","refType":"connection"}]}]