[{"@type":"mtTask","id":"@1","name":"mct_Balance_sheet_load","description":"","runtimeEnvironmentId":"@3VSUPGMTYZubFP5msPS3IN","maxLogs":10,"verbose":false,"lastRunTime":1618500911000,"mappingId":"@fQsttag9CGzjvq3UyBqqer","shortDescription":"","sessionPropertiesList":[],"enableCrossSchemaPushdown":true,"enableParallelRun":false,"autoTunedApplied":false,"autoTunedAppliedType":"NONE","parameterFileName":"db_name.param","parameterFileDir":"C:\\Program Files\\Informatica Cloud Secure Agent\\apps\\Data_Integration_Server\\data\\userparameters","paramFileType":"PARAM_FILE_LOCAL","schemaMode":"async","parameterFileEncoding":"UTF-8","serverlessProperties":{},"taskProperties":[{"@type":"taskProperty","name":"parameterFileDir","currentValue":"C:\\Program Files\\Informatica Cloud Secure Agent\\apps\\Data_Integration_Server\\data\\userparameters","type":"STRING","label":"label.parameterFileDir","required":false},{"@type":"taskProperty","name":"parameterFileName","currentValue":"db_name.param","type":"STRING","label":"label.parameterFileName","required":false}],"parameters":[{"@type":"mtTaskParameter","id":242679661,"name":"$Src_m_bs$","type":"SOURCE","label":"Src_m_bs","uiProperties":{"connectionParameterized":"false","objectParameterized":"false","visible":"false"},"sourceConnectionId":"@hkYtknnAd2EcQ58EbFM0on","sourceObject":"DUMMY_Src_m_bs","newFlatFile":false,"newObject":false,"showBusinessNames":false,"naturalOrder":true,"truncateTarget":false,"bulkApiDBTarget":false,"customFuncCfg":{"@type":"customFuncConfig","id":-1,"connections":[],"inputMap":[],"outputFields":[]},"tgtFieldRefs":{},"targetUpdateColumns":[],"runtimeAttrs":{},"isRESTModernSource":true,"customQuery":"SELECT\nHIER_NAME,\nHIER1_NAME ACCOUNT_NAME,\nHIER2_NAME ACCOUNT_DESC,\nHIER3_NAME ACCOUNT_TITLE,\nHIER4_NAME ACCOUNT_SUBCATEGORY,\nHIER5_NAME ACCOUNT_CATEGORY,\nACCOUNT_NUMBER,\nYEAR,\nENDING_BALANCE-SUM(NET_AMOUNT) BEGIN_BALANCE,\nSUM(NET_AMOUNT) AMOUNT,\nENDING_BALANCE, KEY_ID,\nYear_Month\nFROM\n(SELECT SUM(bs.NET_AMOUNT) OVER (PARTITION BY hie.HIER_NUM ORDER BY dt.FISCAL_YEAR) Ending_Balance1,\nhie.HIER_NAME,\nhie.HIER1_NAME,\nhie.HIER2_NAME,\nhie.HIER3_NAME,\nhie.HIER4_NAME,\nhie.HIER5_NAME,\nhie.HIER_NUM ACCOUNT_NUMBER,\ndt.FISCAL_YEAR YEAR,\nbs.NET_AMOUNT,\nhie.KEY_ID,\ndt.FISCAL_YEARMONTH Year_Month,\nCASE WHEN hie.HIER_NAME LIKE '2%' OR bs.ACCOUNT_NUMBER LIKE '3%'THEN ((Ending_Balance1)* -1)\nELSE (Ending_Balance1) END ENDING_BALANCE\nFROM \"INFOFISCUS_SUMO_DATAMART\".\"FINANCE\".\"FACT_GLJOURNALS\" bs\ninner JOIN \"INFOFISCUS_SUMO_DATAMART\".\"FINANCE\".\"DIM_HIERARCHY\" hie ON\nbs.D_HIER_KEY=hie.HIER_KEY and hie.KEY_ID like 'B%' \ninner JOIN \"INFOFISCUS_SUMO_DATAMART\".\"FINANCE\".\"DIM_DATE\" dt ON\nbs.GL_TRANSACTION_DATE_KEY=dt.DATE_PKEY\nORDER BY 1)where year>=2015 and year<=2017\nGROUP BY 1,2,3,4,5,6,7,8,11,12,13","isFileList":false,"handleSpecialChars":false,"frsAsset":false,"dynamicFileName":false,"currentlyProcessedFileName":false,"tgtObjectAttributes":{},"runtimeParameterData":{"@type":"mtTaskRuntimeParameterData","isConnectionRuntimeParameter":false,"isObjectRuntimeParameter":false},"overriddenFields":[]},{"@type":"mtTaskParameter","id":242679664,"name":"$Tgt_m_bs$","type":"TARGET","label":"Tgt_m_bs","uiProperties":{"connectionParameterized":"false","objectParameterized":"false","visible":"false","defaultTargetUpdateColumns":""},"targetConnectionId":"@hkYtknnAd2EcQ58EbFM0on","targetObject":"INFOFISCUS_SUMO_DATAMART/FINANCE/AGG_BALANCE_SHEET","targetObjectLabel":"AGG_BALANCE_SHEET","newFlatFile":false,"newObject":false,"showBusinessNames":false,"naturalOrder":true,"truncateTarget":false,"bulkApiDBTarget":false,"operationType":"Insert","customFuncCfg":{"@type":"customFuncConfig","id":-1,"connections":[],"inputMap":[],"outputFields":[]},"tgtFieldRefs":{},"targetUpdateColumns":[],"extendedObject":{"@type":"extendedObject","filters":[],"sortFields":[]},"runtimeAttrs":{},"isRESTModernSource":true,"isFileList":false,"handleSpecialChars":false,"frsAsset":false,"dynamicFileName":false,"currentlyProcessedFileName":false,"tgtObjectAttributes":{},"runtimeParameterData":{"@type":"mtTaskRuntimeParameterData","isConnectionRuntimeParameter":false,"isObjectRuntimeParameter":false},"overriddenFields":[]}],"sequences":[],"inOutParameters":[],"connRuntimeAttrs":[]}]