[{"@type":"mappingTemplate","id":"@1","name":"m_audit_log_table","description":"","bundleVersion":"0","templateId":"@3","hasParameters":false,"valid":true,"fixedConnection":true,"hasParametersDeployed":false,"fixedConnectionDeployed":false,"tasks":1,"mappingPreviewFileRecordId":"@2","documentType":"MAPPING","references":[{"@type":"reference","refObjectId":"@7lEWdpXwTsweSGJaRjMf88@RUNSTATUS","refType":"businessOperation"},{"@type":"reference","refObjectId":"@8tdiexIH4lUcSGKzx0TJiE","refType":"connection"},{"@type":"reference","refObjectId":"@7lEWdpXwTsweSGJaRjMf88","refType":"businessService"}]}]