[{"@type":"mappingTemplate","id":"@1","name":"m_NetSuite_TRANSACTION_LINKS_param","description":"","bundleVersion":"0","templateId":"@3","hasParameters":false,"valid":true,"fixedConnection":true,"hasParametersDeployed":false,"fixedConnectionDeployed":false,"tasks":1,"mappingPreviewFileRecordId":"@2","documentType":"MAPPING","references":[{"@type":"reference","refObjectId":"@hkYtknnAd2EcQ58EbFM0on","refType":"connection"},{"@type":"reference","refObjectId":"@62tpJtSLadUk9suzUzgjwc","refType":"connection"}]}]