[{"@type":"mappingTemplate","id":"@1","name":"m_bin_landing_extract","description":"","bundleVersion":"0","templateId":"@3","deployTime":1622463633000,"hasParameters":false,"valid":true,"fixedConnection":true,"hasParametersDeployed":false,"fixedConnectionDeployed":true,"tasks":2,"mappingPreviewFileRecordId":"@2","documentType":"MAPPING","references":[{"@type":"reference","refObjectId":"@cRy6nObIg0khNfLy6uD6ua","refType":"connection"},{"@type":"reference","refObjectId":"@62tpJtSLadUk9suzUzgjwc","refType":"connection"}]}]