[{"@type":"mtTask","id":"@1","name":"mct_Landing_Stg_GL_Transaction_Extract","description":"","runtimeEnvironmentId":"@3VSUPGMTYZubFP5msPS3IN","maxLogs":10,"verbose":false,"lastRunTime":1622125504000,"mappingId":"@cxFfYEgMrWCff0hBaoSiM4","shortDescription":"","sessionPropertiesList":[],"enableCrossSchemaPushdown":true,"enableParallelRun":false,"autoTunedApplied":false,"autoTunedAppliedType":"NONE","parameterFileName":"db_name.param","parameterFileDir":"C:\\Program Files\\Informatica Cloud Secure Agent\\apps\\Data_Integration_Server\\data\\userparameters","paramFileType":"PARAM_FILE_LOCAL","schemaMode":"async","parameterFileEncoding":"UTF-8","serverlessProperties":{},"taskProperties":[{"@type":"taskProperty","name":"parameterFileDir","currentValue":"C:\\Program Files\\Informatica Cloud Secure Agent\\apps\\Data_Integration_Server\\data\\userparameters","type":"STRING","label":"label.parameterFileDir","required":false},{"@type":"taskProperty","name":"parameterFileName","currentValue":"db_name.param","type":"STRING","label":"label.parameterFileName","required":false}],"parameters":[{"@type":"mtTaskParameter","id":283043128,"name":"$src_Transactions$","type":"SOURCE","label":"src_Transactions","uiProperties":{"connectionParameterized":"false","objectParameterized":"false","visible":"false"},"sourceConnectionId":"@hkYtknnAd2EcQ58EbFM0on","sourceObject":"DUMMY_src_Transactions","newFlatFile":false,"newObject":false,"showBusinessNames":false,"naturalOrder":true,"truncateTarget":false,"bulkApiDBTarget":false,"customFuncCfg":{"@type":"customFuncConfig","id":-1,"connections":[],"inputMap":[],"outputFields":[]},"tgtFieldRefs":{},"targetUpdateColumns":[],"runtimeAttrs":{},"isRESTModernSource":true,"customQuery":"select \ncase when A.ACCOUNTNUMBER is null then 0 else A.ACCOUNTNUMBER end  as ACCOUNTNUM,\nAP.STARTING as TRANSDATE,\nTL.AMOUNT as AMOUNTMST,\nTL.AMOUNT as AMOUNTCUR,\nC.NAME as CURRENCYCODE,\nT.TRANSACTION_TYPE TRANSTYPE,\nTL.SUBSIDIARY_ID AS DIMENSION,\ncase when TL.DEPARTMENT_ID is null then 1 else TL.DEPARTMENT_ID end  as DIMENSION2_,\ncase when A.ACCOUNTNUMBER is null then 0 else A.ACCOUNTNUMBER end  as DIMENSION3_,\nT.TRANSACTION_NUMBER as DOCUMENTNUM,\nT.CREATE_DATE as CREATEDDATETIME,\nTL.SUBSIDIARY_ID AS DATAAREAID,\nT.TRANSACTION_ID,\nTL.TRANSACTION_LINE_ID,\nT.TRANSACTION_ID||'~'||TL.TRANSACTION_LINE_ID as DW_KEY_ID\nFROM \"INFOFISCUS_SUMO_LANDING\".\"FINANCE\".\"TRANSACTIONS\" T inner join  \"INFOFISCUS_SUMO_LANDING\".\"FINANCE\".\"TRANSACTION_LINES\" TL \nON T.TRANSACTION_ID = TL.TRANSACTION_ID \nleft outer join \"INFOFISCUS_SUMO_LANDING\".\"FINANCE\".\"ACCOUNTS\" A\non TL.ACCOUNT_ID = A.ACCOUNT_ID \nleft outer join \"INFOFISCUS_SUMO_LANDING\".\"FINANCE\".\"CURRENCIES\" C\non T.CURRENCY_ID = C.CURRENCY_ID \nleft outer join \"INFOFISCUS_SUMO_LANDING\".\"FINANCE\".\"ACCOUNTINGPERIODS\" AP \non T.ACCOUNTING_PERIOD_ID = AP.ACCOUNTING_PERIOD_ID \nWHERE (T.IS_NON_POSTING = 'No' and TL.NON_POSTING_LINE = 'No' and T.DATE_LAST_MODIFIED >= '$$RunDate')","isFileList":false,"handleSpecialChars":false,"frsAsset":false,"dynamicFileName":false,"currentlyProcessedFileName":false,"tgtObjectAttributes":{},"runtimeParameterData":{"@type":"mtTaskRuntimeParameterData","isConnectionRuntimeParameter":false,"isObjectRuntimeParameter":false},"overriddenFields":[]},{"@type":"mtTaskParameter","id":283043131,"name":"$Tgt_Stg_Gl_Trans$","type":"TARGET","label":"Tgt_Stg_Gl_Trans","uiProperties":{"connectionParameterized":"false","objectParameterized":"false","visible":"false","defaultTargetUpdateColumns":""},"targetConnectionId":"@hkYtknnAd2EcQ58EbFM0on","targetObject":"INFOFISCUS_SUMO_STAGING/FINANCE/STG_GL_TRANS","targetObjectLabel":"STG_GL_TRANS","newFlatFile":false,"newObject":false,"showBusinessNames":false,"naturalOrder":true,"truncateTarget":true,"bulkApiDBTarget":false,"operationType":"Insert","customFuncCfg":{"@type":"customFuncConfig","id":-1,"connections":[],"inputMap":[],"outputFields":[]},"tgtFieldRefs":{},"targetUpdateColumns":[],"extendedObject":{"@type":"extendedObject","filters":[],"sortFields":[]},"runtimeAttrs":{},"isRESTModernSource":true,"isFileList":false,"handleSpecialChars":false,"frsAsset":false,"dynamicFileName":false,"currentlyProcessedFileName":false,"tgtObjectAttributes":{},"runtimeParameterData":{"@type":"mtTaskRuntimeParameterData","isConnectionRuntimeParameter":false,"isObjectRuntimeParameter":false},"overriddenFields":[]}],"sequences":[],"inOutParameters":[{"@type":"mtTaskInOutParameter","id":"-1","name":"RunDate","description":"","initialValue":"1970-01-01 00:00:00.000","datatype":"STRING","precision":"30","scale":"0","retentionPolicy":"ON_SUCCESS_OR_WARNING","aggregationType":"MAX","currentValue":"2021-05-26 14:26:48.411"}],"connRuntimeAttrs":[]}]