[{"@type":"mappingTemplate","id":"@1","name":"mct_NetSuite_Currencies_Extract","description":"","bundleVersion":"0","templateId":"@3","deployTime":1617628825000,"hasParameters":true,"valid":true,"fixedConnection":true,"hasParametersDeployed":true,"fixedConnectionDeployed":true,"tasks":2,"mappingPreviewFileRecordId":"@2","documentType":"","references":[{"@type":"reference","refObjectId":"@hkYtknnAd2EcQ58EbFM0on","refType":"connection"},{"@type":"reference","refObjectId":"@62tpJtSLadUk9suzUzgjwc","refType":"connection"}]}]