[{"@type":"mtTask","id":"@1","name":"mct_Stg_Shipment_Extract","description":"","runtimeEnvironmentId":"@3VSUPGMTYZubFP5msPS3IN","maxLogs":10,"verbose":false,"lastRunTime":1618472097000,"mappingId":"@4dpC5rthLVQdEwWcx7SmiU","shortDescription":"","sessionPropertiesList":[],"enableCrossSchemaPushdown":true,"enableParallelRun":false,"autoTunedApplied":false,"autoTunedAppliedType":"NONE","parameterFileName":"db_name.param","parameterFileDir":"C:\\Program Files\\Informatica Cloud Secure Agent\\apps\\Data_Integration_Server\\data\\userparameters","paramFileType":"PARAM_FILE_LOCAL","schemaMode":"async","parameterFileEncoding":"UTF-8","serverlessProperties":{},"taskProperties":[{"@type":"taskProperty","name":"parameterFileDir","currentValue":"C:\\Program Files\\Informatica Cloud Secure Agent\\apps\\Data_Integration_Server\\data\\userparameters","type":"STRING","label":"label.parameterFileDir","required":false},{"@type":"taskProperty","name":"parameterFileName","currentValue":"db_name.param","type":"STRING","label":"label.parameterFileName","required":false}],"parameters":[{"@type":"mtTaskParameter","id":245368009,"name":"$Src_Shipment$","type":"SOURCE","label":"Src_Shipment","uiProperties":{"connectionParameterized":"false","objectParameterized":"false","visible":"false"},"sourceConnectionId":"@hkYtknnAd2EcQ58EbFM0on","sourceObject":"DUMMY_Src_Shipment","newFlatFile":false,"newObject":false,"showBusinessNames":false,"naturalOrder":true,"truncateTarget":false,"bulkApiDBTarget":false,"customFuncCfg":{"@type":"customFuncConfig","id":-1,"connections":[],"inputMap":[],"outputFields":[]},"tgtFieldRefs":{},"targetUpdateColumns":[],"runtimeAttrs":{},"isRESTModernSource":true,"customQuery":"SELECT\nTL.ACCOUNT_ID\n,T.TRANSACTION_TYPE ORDER_TYPE\n,T.TRANSACTION_ID ORDER_ID\n,TL.TRANSACTION_LINE_ID ORDER_LINE_ID\n,T.TRANSACTION_NUMBER ORDER_NUMBER\n,TL.ITEM_COUNT*-1 ITEMS_ORDERED\n,TL.AMOUNT ORDER_AMOUNT\n,i.COST_0 *(-tl.ITEM_COUNT) COST_PRICE_AMOUNT\n,T.TRANDATE ORDERED_DATE\n,TL.ITEM_ID ORDER_ITEM_ID\n,TL.ITEM_UNIT_PRICE UNIT_PRICE,T_SHIP.TRANSACTION_ID SHIP_ID\n,TL_SHIP.TRANSACTION_LINE_ID SHIP_LINE_ID\n,T_SHIP.TRANSACTION_NUMBER SHIP_ORDER_NUMEBR\n,T_SHIP.TRANSACTION_TYPE SHIP_TYPE\n,(TL_SHIP.ITEM_COUNT*-1)*TL.ITEM_UNIT_PRICE SHIP_AMOUNT\n,T_SHIP.TRANDATE SHIP_DATE\n,TL_SHIP.ITEM_ID SHIP_ITEM_ID\n,TL_SHIP.ITEM_UNIT_PRICE SHIP_UNIT_PRICE\n,TL_SHIP.ITEM_COUNT*-1 ACTUAL_SHIPPED_QUANTITY\n,TL_SHIP.QUANTITY_RECEIVED_IN_SHIPMENT,TL_SHIP.TRANSACTION_ID TL_SHIP_TRANS_ID\n,TL_SHIP.TRANSACTION_LINE_ID TL_SHIP_TRANS_LINE_ID\n,t_ship.TRANSACTION_ID T_SHIP_TRANS_ID,I.name ITEM_NAME\n,T.ENTITY_ID\n,T.PROMISE_DATE\n,T.BILLADDRESS\n,T.SHIPADDRESS\n,i.COST_0,i.TYPE_NAME\n,T.STATUS\n,TL.EST__COST\n,TL.ITEM_COUNT\n,TL.ESTIMATED_COST\n,TL.QUANTITY_COMMITTED,case when TL.AMOUNT<0 then  TL.AMOUNT* -1 else TL.AMOUNT end as AMOUNT,\ncase when TL.GROSS_AMOUNT<0 then  TL.GROSS_AMOUNT* -1 else TL.GROSS_AMOUNT end as GROSS_AMOUNT,\ncase when TL.NET_AMOUNT<0 then  TL.NET_AMOUNT* -1 else TL.NET_AMOUNT end as NET_AMOUNT\nFROM \"INFOFISCUS_SUMO_LANDING\".\"SUPPLYCHAIN\".\"TRANSACTIONS\" T\nINNER JOIN \"INFOFISCUS_SUMO_LANDING\".\"SUPPLYCHAIN\".\"TRANSACTION_LINES\" TL\nON TL.TRANSACTION_ID = T.TRANSACTION_ID\nINNER JOIN \"INFOFISCUS_SUMO_LANDING\".\"SUPPLYCHAIN\".\"ITEMS\" i on TL.ITEM_ID=I.ITEM_ID\nLEFT OUTER JOIN \"INFOFISCUS_SUMO_LANDING\".\"SUPPLYCHAIN\".\"TRANSACTION_LINKS\" TLK\nON TL.TRANSACTION_ID = TLK.ORIGINAL_TRANSACTION_ID AND TL.TRANSACTION_LINE_ID = TLK.ORIGINAL_TRANSACTION_LINE_ID\nINNER JOIN \"INFOFISCUS_SUMO_LANDING\".\"SUPPLYCHAIN\".\"TRANSACTION_LINES\" TL_SHIP\nON TLK.APPLIED_TRANSACTION_ID = TL_SHIP.TRANSACTION_ID AND TLK.APPLIED_TRANSACTION_LINE_ID = TL_SHIP.TRANSACTION_LINE_ID\nINNER JOIN \"INFOFISCUS_SUMO_LANDING\".\"SUPPLYCHAIN\".\"TRANSACTIONS\" T_SHIP\nON T_SHIP.TRANSACTION_ID = TL_SHIP.TRANSACTION_ID\nand T.TRANSACTION_TYPE='Sales Order'\nand TL.ITEM_ID > 0 and TL.ITEM_id is not null\nand I.item_id <> 2 and I.TYPE_NAME<>'Shipping Cost Item'\nand TLK.LINK_TYPE = 'Receipt/Fulfillment'\n--and t_ship.transaction_type<> 'Invoice';","isFileList":false,"handleSpecialChars":false,"frsAsset":false,"dynamicFileName":false,"currentlyProcessedFileName":false,"tgtObjectAttributes":{},"runtimeParameterData":{"@type":"mtTaskRuntimeParameterData","isConnectionRuntimeParameter":false,"isObjectRuntimeParameter":false},"overriddenFields":[]},{"@type":"mtTaskParameter","id":245368012,"name":"$Tgt_Shipment$","type":"TARGET","label":"Tgt_Shipment","uiProperties":{"connectionParameterized":"false","objectParameterized":"false","visible":"false","defaultTargetUpdateColumns":""},"targetConnectionId":"@hkYtknnAd2EcQ58EbFM0on","targetObject":"INFOFISCUS_SUMO_STAGING/SUPPLYCHAIN/STG_SHIPMENT","targetObjectLabel":"STG_SHIPMENT","newFlatFile":false,"newObject":false,"showBusinessNames":false,"naturalOrder":true,"truncateTarget":false,"bulkApiDBTarget":false,"operationType":"Insert","customFuncCfg":{"@type":"customFuncConfig","id":-1,"connections":[],"inputMap":[],"outputFields":[]},"tgtFieldRefs":{},"targetUpdateColumns":[],"extendedObject":{"@type":"extendedObject","filters":[],"sortFields":[]},"runtimeAttrs":{},"isRESTModernSource":true,"isFileList":false,"handleSpecialChars":false,"frsAsset":false,"dynamicFileName":false,"currentlyProcessedFileName":false,"tgtObjectAttributes":{},"runtimeParameterData":{"@type":"mtTaskRuntimeParameterData","isConnectionRuntimeParameter":false,"isObjectRuntimeParameter":false},"overriddenFields":[]}],"sequences":[],"inOutParameters":[],"connRuntimeAttrs":[]}]