[{"@type":"mtTask","id":"@1","name":"mct_Netsuite_Subsidary_Extract","description":"","runtimeEnvironmentId":"@3VSUPGMTYZubFP5msPS3IN","maxLogs":10,"verbose":false,"lastRunTime":1622125059000,"mappingId":"@jj8sPhcpPa6iNE0gjaBd80","shortDescription":"","sessionPropertiesList":[],"enableCrossSchemaPushdown":true,"enableParallelRun":false,"autoTunedApplied":false,"autoTunedAppliedType":"NONE","parameterFileName":"db_name.param","parameterFileDir":"C:\\Program Files\\Informatica Cloud Secure Agent\\apps\\Data_Integration_Server\\data\\userparameters","paramFileType":"PARAM_FILE_LOCAL","schemaMode":"async","parameterFileEncoding":"UTF-8","serverlessProperties":{},"taskProperties":[{"@type":"taskProperty","name":"parameterFileDir","currentValue":"C:\\Program Files\\Informatica Cloud Secure Agent\\apps\\Data_Integration_Server\\data\\userparameters","type":"STRING","label":"label.parameterFileDir","required":false},{"@type":"taskProperty","name":"parameterFileName","currentValue":"db_name.param","type":"STRING","label":"label.parameterFileName","required":false}],"parameters":[{"@type":"mtTaskParameter","id":283040635,"name":"$Src_NetSuite$","type":"EXTENDED_SOURCE","label":"Src_NetSuite","uiProperties":{"connectionParameterized":"false","isMsrcFilterParameterized":"false","isMsrcSortParameterized":"false","objectParameterized":"false","visible":"false"},"sourceConnectionId":"@62tpJtSLadUk9suzUzgjwc","newFlatFile":false,"newObject":false,"showBusinessNames":false,"naturalOrder":true,"truncateTarget":false,"bulkApiDBTarget":false,"customFuncCfg":{"@type":"customFuncConfig","id":-1,"connections":[],"inputMap":[],"outputFields":[]},"tgtFieldRefs":{},"targetUpdateColumns":[],"extendedObject":{"@type":"extendedObject","object":{"@type":"mObject","name":"SUBSIDIARIES","label":"SUBSIDIARIES","metadataUpdated":false,"relations":[],"children":[]},"advancedFilterExpression":"DATE_LAST_MODIFIED IS NULL\nOR\nDATE_LAST_MODIFIED >'$$RunDate'","filters":[],"sortFields":[]},"runtimeAttrs":{},"isRESTModernSource":true,"isFileList":false,"handleSpecialChars":false,"frsAsset":false,"dynamicFileName":false,"currentlyProcessedFileName":false,"tgtObjectAttributes":{},"runtimeParameterData":{"@type":"mtTaskRuntimeParameterData","isConnectionRuntimeParameter":false,"isObjectRuntimeParameter":false},"overriddenFields":[]},{"@type":"mtTaskParameter","id":283040638,"name":"$Tgt_Snf$","type":"TARGET","label":"Tgt_Snf","uiProperties":{"connectionParameterized":"false","objectParameterized":"false","visible":"false","defaultTargetUpdateColumns":"SUBSIDIARY_ID","fieldMappingParameterized":"true"},"targetConnectionId":"@hkYtknnAd2EcQ58EbFM0on","targetObject":"INFOFISCUS_SUMO_LANDING/FINANCE/SUBSIDIARIES","targetObjectLabel":"SUBSIDIARIES","newFlatFile":false,"newObject":false,"showBusinessNames":false,"naturalOrder":true,"truncateTarget":false,"bulkApiDBTarget":false,"operationType":"Upsert","customFuncCfg":{"@type":"customFuncConfig","id":-1,"connections":[],"inputMap":[],"outputFields":[]},"tgtFieldRefs":{},"targetUpdateColumns":["SUBSIDIARY_ID"],"extendedObject":{"@type":"extendedObject","filters":[],"sortFields":[]},"runtimeAttrs":{},"isRESTModernSource":true,"isFileList":false,"handleSpecialChars":false,"frsAsset":false,"dynamicFileName":false,"currentlyProcessedFileName":false,"tgtObjectAttributes":{},"runtimeParameterData":{"@type":"mtTaskRuntimeParameterData","isConnectionRuntimeParameter":false,"isObjectRuntimeParameter":false},"overriddenFields":[]},{"@type":"mtTaskParameter","id":283040641,"name":"$P_FIELD_MAP$","type":"STRING","text":"string (999, 0) ADDRESS=ADDRESS;string (150, 0) ADDRESS1=ADDRESS1;string (150, 0) ADDRESS2=ADDRESS2;string (38, 5) BASE_CURRENCY_ID=BASE_CURRENCY_ID;string (50, 0) CITY=CITY;string (2, 0) COUNTRY=COUNTRY;string (38, 9) DATE_LAST_MODIFIED=DATE_LAST_MODIFIED;string (20, 0) EDITION=EDITION;string (40, 0) FEDERAL_NUMBER=FEDERAL_NUMBER;string (10, 0) FISCAL_CALENDAR_ID=FISCAL_CALENDAR_ID;string (1791, 0) FULL_NAME=FULL_NAME;string (3, 0) ISINACTIVE=ISINACTIVE;string (3, 0) IS_ELIMINATION=IS_ELIMINATION;string (3, 0) IS_MOSS=IS_MOSS;string (83, 0) LEGAL_NAME=LEGAL_NAME;string (10, 0) MOSS_NEXUS_ID=MOSS_NEXUS_ID;string (83, 0) NAME=NAME;string (10, 0) PARENT_ID=PARENT_ID;string (38, 5) PURCHASEORDERAMOUNT=PURCHASEORDERAMOUNT;string (38, 5) PURCHASEORDERQUANTITY=PURCHASEORDERQUANTITY;string (38, 5) PURCHASEORDERQUANTITYDIFF=PURCHASEORDERQUANTITYDIFF;string (38, 5) RECEIPTAMOUNT=RECEIPTAMOUNT;string (38, 5) RECEIPTQUANTITY=RECEIPTQUANTITY;string (38, 5) RECEIPTQUANTITYDIFF=RECEIPTQUANTITYDIFF;string (999, 0) RETURN_ADDRESS=RETURN_ADDRESS;string (150, 0) RETURN_ADDRESS1=RETURN_ADDRESS1;string (150, 0) RETURN_ADDRESS2=RETURN_ADDRESS2;string (50, 0) RETURN_CITY=RETURN_CITY;string (50, 0) RETURN_COUNTRY=RETURN_COUNTRY;string (50, 0) RETURN_STATE=RETURN_STATE;string (36, 0) RETURN_ZIPCODE=RETURN_ZIPCODE;string (999, 0) SHIPPING_ADDRESS=SHIPPING_ADDRESS;string (150, 0) SHIPPING_ADDRESS1=SHIPPING_ADDRESS1;string (150, 0) SHIPPING_ADDRESS2=SHIPPING_ADDRESS2;string (50, 0) SHIPPING_CITY=SHIPPING_CITY;string (50, 0) SHIPPING_COUNTRY=SHIPPING_COUNTRY;string (50, 0) SHIPPING_STATE=SHIPPING_STATE;string (36, 0) SHIPPING_ZIPCODE=SHIPPING_ZIPCODE;string (20, 0) STATE=STATE;string (40, 0) STATE_TAX_NUMBER=STATE_TAX_NUMBER;string (255, 0) SUBSIDIARY_EXTID=SUBSIDIARY_EXTID;string (20, 0) SUBSIDIARY_ID=SUBSIDIARY_ID;string (8, 0) TRAN_NUM_PREFIX=TRAN_NUM_PREFIX;string (64, 0) URL=URL;string (36, 0) ZIPCODE=ZIPCODE;","label":"P_FIELD_MAP","description":"","uiProperties":{"paramtype":"Fieldmap","supressFieldmappingSuffix":"true","lefttitle":"Incoming Fields","righttitle":"Target Fields"},"newFlatFile":false,"newObject":false,"showBusinessNames":true,"naturalOrder":true,"truncateTarget":false,"bulkApiDBTarget":false,"customFuncCfg":{"@type":"customFuncConfig","id":-1,"connections":[],"inputMap":[],"outputFields":[]},"tgtFieldRefs":{},"targetUpdateColumns":[],"runtimeAttrs":{},"isRESTModernSource":true,"isFileList":false,"handleSpecialChars":false,"frsAsset":false,"dynamicFileName":false,"currentlyProcessedFileName":false,"tgtObjectAttributes":{},"runtimeParameterData":{"@type":"mtTaskRuntimeParameterData","isConnectionRuntimeParameter":false,"isObjectRuntimeParameter":false},"overriddenFields":[]}],"sequences":[],"inOutParameters":[{"@type":"mtTaskInOutParameter","id":"-1","name":"RunDate","description":"","initialValue":"1970-01-01 00:00:00","datatype":"STRING","precision":"30","scale":"0","retentionPolicy":"ON_SUCCESS","aggregationType":"MAX","currentValue":"2021-05-26 14:18:37"}],"connRuntimeAttrs":[]}]