[{"@type":"mtTask","id":"@1","name":"mct_netsuite_transaction_Extract","description":"","runtimeEnvironmentId":"@3VSUPGMTYZubFP5msPS3IN","maxLogs":10,"verbose":false,"lastRunTime":1618471859000,"mappingId":"@9CLIC76BNqhhJcOVkwsfq4","shortDescription":"","sessionPropertiesList":[],"enableCrossSchemaPushdown":true,"enableParallelRun":false,"autoTunedApplied":false,"autoTunedAppliedType":"NONE","parameterFileName":"db_name.param","parameterFileDir":"C:\\Program Files\\Informatica Cloud Secure Agent\\apps\\Data_Integration_Server\\data\\userparameters","paramFileType":"PARAM_FILE_LOCAL","schemaMode":"async","parameterFileEncoding":"UTF-8","serverlessProperties":{},"taskProperties":[{"@type":"taskProperty","name":"parameterFileDir","currentValue":"C:\\Program Files\\Informatica Cloud Secure Agent\\apps\\Data_Integration_Server\\data\\userparameters","type":"STRING","label":"label.parameterFileDir","required":false},{"@type":"taskProperty","name":"parameterFileName","currentValue":"db_name.param","type":"STRING","label":"label.parameterFileName","required":false}],"parameters":[{"@type":"mtTaskParameter","id":247452157,"name":"$Src_NetSuite$","type":"EXTENDED_SOURCE","label":"Src_NetSuite","uiProperties":{"connectionParameterized":"false","isMsrcFilterParameterized":"false","isMsrcSortParameterized":"false","objlabel":"SRC_OBJECT","objectParameterized":"true","objDesc":""},"sourceConnectionId":"@62tpJtSLadUk9suzUzgjwc","newFlatFile":false,"newObject":false,"showBusinessNames":true,"naturalOrder":true,"truncateTarget":false,"bulkApiDBTarget":false,"customFuncCfg":{"@type":"customFuncConfig","id":-1,"connections":[],"inputMap":[],"outputFields":[]},"tgtFieldRefs":{},"targetUpdateColumns":[],"extendedObject":{"@type":"extendedObject","object":{"@type":"mObject","name":"TRANSACTIONS","label":"TRANSACTIONS","metadataUpdated":false,"relations":[],"children":[]},"advancedFilterExpression":"CREATE_DATE >= '$$RunDate' \nor\nCREATE_DATE  IS NULL\nOR\nDATE_LAST_MODIFIED >= '$$RunDate'\nOR\nDATE_LAST_MODIFIED IS NULL","filters":[],"sortFields":[]},"runtimeAttrs":{},"isRESTModernSource":true,"isFileList":false,"handleSpecialChars":false,"frsAsset":false,"dynamicFileName":false,"currentlyProcessedFileName":false,"tgtObjectAttributes":{},"runtimeParameterData":{"@type":"mtTaskRuntimeParameterData","isConnectionRuntimeParameter":false,"isObjectRuntimeParameter":false,"objectParameterName":"SRC_OBJECT"},"overriddenFields":[]},{"@type":"mtTaskParameter","id":247452160,"name":"$Tgt_Snf$","type":"TARGET","label":"Tgt_Snf","uiProperties":{"connectionParameterized":"false","objlabel":"TGT_OBJECT","objectParameterized":"true","objDesc":"","defaultTargetUpdateColumns":"","fieldMappingParameterized":"true"},"targetConnectionId":"@hkYtknnAd2EcQ58EbFM0on","targetObject":"INFOFISCUS_SUMO_LANDING/SUPPLYCHAIN/TRANSACTIONS","targetObjectLabel":"TRANSACTIONS","newFlatFile":false,"newObject":false,"showBusinessNames":true,"naturalOrder":true,"truncateTarget":false,"bulkApiDBTarget":false,"operationType":"Upsert","customFuncCfg":{"@type":"customFuncConfig","id":-1,"connections":[],"inputMap":[],"outputFields":[]},"tgtFieldRefs":{},"targetUpdateColumns":["TRANSACTION_ID"],"extendedObject":{"@type":"extendedObject","filters":[],"sortFields":[]},"runtimeAttrs":{},"isRESTModernSource":true,"isFileList":false,"handleSpecialChars":false,"frsAsset":false,"dynamicFileName":false,"currentlyProcessedFileName":false,"tgtObjectAttributes":{},"runtimeParameterData":{"@type":"mtTaskRuntimeParameterData","isConnectionRuntimeParameter":false,"isObjectRuntimeParameter":false,"objectParameterName":"TGT_OBJECT"},"overriddenFields":[]},{"@type":"mtTaskParameter","id":247452163,"name":"$P_FIELD_MAP$","type":"STRING","text":"string (20, 0) ACCOUNTING_BOOK_ID=ACCOUNTING_BOOK_ID;string (20, 0) ACCOUNTING_PERIOD_ID=ACCOUNTING_PERIOD_ID;string (138, 0) ACCOUNT_BASED_NUMBER=ACCOUNT_BASED_NUMBER;string (38, 5) AMOUNT_UNBILLED=AMOUNT_UNBILLED;string (38, 9) ASSY_DEPT=ASSY_DEPT;string (999, 0) BILLADDRESS=BILLADDRESS;string (20, 0) BILLING_ACCOUNT_ID=BILLING_ACCOUNT_ID;string (999, 0) BILLING_INSTRUCTIONS=BILLING_INSTRUCTIONS;string (3, 0) BILL_PAY_TRANSACTION=BILL_PAY_TRANSACTION;string (20, 0) BULK_SUBMISSION_ID=BULK_SUBMISSION_ID;string (100, 0) CARRIER=CARRIER;string (38, 9) CLOSED=CLOSED;string (4000, 0) COMMENTS=COMMENTS;string (20, 0) COMPANY_STATUS_ID=COMPANY_STATUS_ID;string (4000, 0) CONTACTS=CONTACTS;string (38, 5) CONTRACT_COST_AMOUNT=CONTRACT_COST_AMOUNT;string (20, 0) CONTRACT_DEFER_EXPENSE_ACCT_ID=CONTRACT_DEFER_EXPENSE_ACCT_ID;string (20, 0) CONTRACT_EXPENSE_ACCT_ID=CONTRACT_EXPENSE_ACCT_ID;string (1, 0) CONTROLLER_APPROVAL=CONTROLLER_APPROVAL;string (38, 9) CONTROLLER_APPROVAL_DATE=CONTROLLER_APPROVAL_DATE;string (20, 0) CONTROLLER_ID=CONTROLLER_ID;string (20, 0) CREATED_BY_ID=CREATED_BY_ID;string (38, 5) CREATED_FROM_ID=CREATED_FROM_ID;string (38, 9) CREATE_DATE=CREATE_DATE;string (20, 0) CURRENCY_ID=CURRENCY_ID;string (20, 0) CUSTOMER_PRIORITY_ID=CUSTOMER_PRIORITY_ID;string (20, 0) CUSTOM_FORM_ID=CUSTOM_FORM_ID;string (38, 9) DATE_BID_CLOSE=DATE_BID_CLOSE;string (38, 9) DATE_BID_OPEN=DATE_BID_OPEN;string (38, 9) DATE_LAST_MODIFIED=DATE_LAST_MODIFIED;string (4000, 0) DELIVERY_INSTRUCTIONS=DELIVERY_INSTRUCTIONS;string (38, 9) DUE_DATE=DUE_DATE;string (256, 0) EMAIL=EMAIL;string (255, 0) EMAIL_0=EMAIL_0;string (38, 9) END_DATE=END_DATE;string (20, 0) ENTITY_ID=ENTITY_ID;string (30, 0) ENTITY_TAX_REG_NUM=ENTITY_TAX_REG_NUM;string (38, 5) EXCHANGE_RATE=EXCHANGE_RATE;string (38, 9) EXPECTED_CLOSE=EXPECTED_CLOSE;string (138, 0) EXTERNAL_REF_NUMBER=EXTERNAL_REF_NUMBER;string (1, 0) FAILED_INSPECTION=FAILED_INSPECTION;string (100, 0) FAX=FAX;string (1, 0) FINANCE_APPROVED=FINANCE_APPROVED;string (38, 9) FINANCE_APPROVED_DATE=FINANCE_APPROVED_DATE;string (1, 0) FINANCE_DECLINED=FINANCE_DECLINED;string (13, 0) FOB=FOB;string (300, 0) FORECAST_TYPE=FORECAST_TYPE;string (3, 0) INCLUDE_IN_FORECAST=INCLUDE_IN_FORECAST;string (100, 0) INCOTERM=INCOTERM;string (20, 0) INSPECTED_BY_ID=INSPECTED_BY_ID;string (38, 9) INSPECTION_DATE=INSPECTION_DATE;string (1, 0) INSPECTION_TEST_1=INSPECTION_TEST_1;string (1, 0) INSPECTION_TEST_2=INSPECTION_TEST_2;string (20, 0) INTERCOMPANY_TRANSACTION_ID=INTERCOMPANY_TRANSACTION_ID;string (1, 0) INVOICE_ON_HOLD=INVOICE_ON_HOLD;string (3, 0) IS_AUTOCALCULATE_LAG=IS_AUTOCALCULATE_LAG;string (3, 0) IS_COMPLIANT=IS_COMPLIANT;string (3, 0) IS_CREATED_FROM_MERGE=IS_CREATED_FROM_MERGE;string (3, 0) IS_FINANCE_CHARGE=IS_FINANCE_CHARGE;string (3, 0) IS_FIRMED=IS_FIRMED;string (3, 0) IS_INTERCOMPANY=IS_INTERCOMPANY;string (3, 0) IS_MERGED_INTO_ARRANGEMENTS=IS_MERGED_INTO_ARRANGEMENTS;string (3, 0) IS_NON_POSTING=IS_NON_POSTING;string (3, 0) IS_PAYMENT_HOLD=IS_PAYMENT_HOLD;string (3, 0) IS_TAX_REG_OVERRIDE=IS_TAX_REG_OVERRIDE;string (1, 0) IS_WIP=IS_WIP;string (20, 0) ITEM_ID=ITEM_ID;string (38, 5) ITEM_REVISION=ITEM_REVISION;string (20, 0) JOB_ID=JOB_ID;string (8, 0) LANDED_COST_ALLOCATION_METHOD=LANDED_COST_ALLOCATION_METHOD;string (38, 9) LAST_MODIFIED_DATE=LAST_MODIFIED_DATE;string (20, 0) LEAD_SOURCE_ID=LEAD_SOURCE_ID;string (20, 0) LOCATION_ID=LOCATION_ID;string (38, 9) MACHINE_SHOP=MACHINE_SHOP;string (4000, 0) MEMO=MEMO;string (3, 0) MEMORIZED=MEMORIZED;string (999, 0) MESSAGE=MESSAGE;string (3, 0) NEEDS_BILL=NEEDS_BILL;string (3, 0) NEEDS_REVENUE_COMMITMENT=NEEDS_REVENUE_COMMITMENT;string (38, 5) NUMBER_OF_PRICING_TIERS=NUMBER_OF_PRICING_TIERS;string (3, 0) OPENING_BALANCE_TRANSACTION=OPENING_BALANCE_TRANSACTION;string (999, 0) PACKING_LIST_INSTRUCTIONS=PACKING_LIST_INSTRUCTIONS;string (20, 0) PARTNER_ID=PARTNER_ID;string (20, 0) PAYMENT_TERMS_ID=PAYMENT_TERMS_ID;string (21, 0) PHONE_NUMBER=PHONE_NUMBER;string (100, 0) PN_REF_NUM=PN_REF_NUM;string (38, 5) PRIORITY=PRIORITY;string (38, 5) PROBABILITY=PROBABILITY;string (999, 0) PRODUCT_LABEL_INSTRUCTIONS=PRODUCT_LABEL_INSTRUCTIONS;string (38, 5) PROJECTED_TOTAL=PROJECTED_TOTAL;string (38, 9) PROMISE_DATE=PROMISE_DATE;string (38, 9) PROMISE_DATE_2=PROMISE_DATE_2;string (20, 0) PROMOTION_CODE_ID=PROMOTION_CODE_ID;string (20, 0) PROMOTION_CODE_INSTANCE_ID=PROMOTION_CODE_INSTANCE_ID;string (999, 0) PURCHASE_ORDER_INSTRUCTIONS=PURCHASE_ORDER_INSTRUCTIONS;string (20, 0) REASON_FOR_RETURN_ID=REASON_FOR_RETURN_ID;string (138, 0) RELATED_TRANID=RELATED_TRANID;string (38, 9) RENEWAL=RENEWAL;string (1, 0) REQUIRES_FINANCE_APPROVAL=REQUIRES_FINANCE_APPROVAL;string (1, 0) REQUIRES_SALES_MANAGER_APPROV=REQUIRES_SALES_MANAGER_APPROV;string (480, 0) REVENUE_COMMITMENT_STATUS=REVENUE_COMMITMENT_STATUS;string (38, 9) REVENUE_COMMITTED=REVENUE_COMMITTED;string (480, 0) REVENUE_STATUS=REVENUE_STATUS;string (20, 0) REVERSING_TRANSACTION_ID=REVERSING_TRANSACTION_ID;string (38, 9) SALES_EFFECTIVE_DATE=SALES_EFFECTIVE_DATE;string (1, 0) SALES_MANAGER_APPROVED=SALES_MANAGER_APPROVED;string (38, 9) SALES_MANAGER_APPROVED_DATE=SALES_MANAGER_APPROVED_DATE;string (1, 0) SALES_MANAGER_DECLINED=SALES_MANAGER_DECLINED;string (20, 0) SALES_REP_ID=SALES_REP_ID;string (15, 0) SCHEDULING_METHOD_ID=SCHEDULING_METHOD_ID;string (1, 0) SENIOR_EXECUTIVE_APPROVAL=SENIOR_EXECUTIVE_APPROVAL;string (38, 9) SENIOR_EXECUTIVE_APPROVAL_DAT=SENIOR_EXECUTIVE_APPROVAL_DAT;string (1, 0) SENIOR_EXECUTIVE_APPROVED=SENIOR_EXECUTIVE_APPROVED;string (38, 9) SENIOR_EXECUTIVE_APPROVED_DAT=SENIOR_EXECUTIVE_APPROVED_DAT;string (1, 0) SENIOR_EXECUTIVE_DECLINED=SENIOR_EXECUTIVE_DECLINED;string (20, 0) SENIOR_EXECUTIVE_ID=SENIOR_EXECUTIVE_ID;string (4000, 0) SERIALLOT_NUMBER=SERIALLOT_NUMBER;string (999, 0) SHIPADDRESS=SHIPADDRESS;string (38, 9) SHIPMENT_RECEIVED=SHIPMENT_RECEIVED;string (20, 0) SHIPMENT_STATUS_ID=SHIPMENT_STATUS_ID;string (38, 9) SHIPPING_DEPT=SHIPPING_DEPT;string (20, 0) SHIPPING_ITEM_ID=SHIPPING_ITEM_ID;string (38, 9) START_DATE=START_DATE;string (480, 0) STATUS=STATUS;string (20, 0) TAX_REG_ID=TAX_REG_ID;string (200, 0) TITLE=TITLE;string (38, 9) TRANDATE=TRANDATE;string (138, 0) TRANID=TRANID;string (255, 0) TRANSACTION_EXTID=TRANSACTION_EXTID;string (20, 0) TRANSACTION_ID=TRANSACTION_ID;string (138, 0) TRANSACTION_NUMBER=TRANSACTION_NUMBER;string (40, 0) TRANSACTION_PARTNER=TRANSACTION_PARTNER;string (4000, 0) TRANSACTION_SOURCE=TRANSACTION_SOURCE;string (192, 0) TRANSACTION_TYPE=TRANSACTION_TYPE;string (38, 5) TRANSACTION_WEBSITE=TRANSACTION_WEBSITE;string (38, 5) TRANSFER_LOCATION=TRANSFER_LOCATION;string (3, 0) TRANS_IS_VSOE_BUNDLE=TRANS_IS_VSOE_BUNDLE;string (3, 0) USE_ITEM_COST_AS_TRANSFER_COST=USE_ITEM_COST_AS_TRANSFER_COST;string (38, 5) VENDOR_LEAD_TIME_DAYS=VENDOR_LEAD_TIME_DAYS;string (1, 0) VISIBLE_IN_CUSTOMER_CENTER=VISIBLE_IN_CUSTOMER_CENTER;string (38, 5) WEIGHTED_TOTAL=WEIGHTED_TOTAL;","label":"P_FIELD_MAP","description":"","uiProperties":{"paramtype":"Fieldmap","supressFieldmappingSuffix":"true","lefttitle":"Incoming Fields","righttitle":"Target Fields"},"newFlatFile":false,"newObject":false,"showBusinessNames":true,"naturalOrder":true,"truncateTarget":false,"bulkApiDBTarget":false,"customFuncCfg":{"@type":"customFuncConfig","id":-1,"connections":[],"inputMap":[],"outputFields":[]},"tgtFieldRefs":{},"targetUpdateColumns":[],"runtimeAttrs":{},"isRESTModernSource":true,"isFileList":false,"handleSpecialChars":false,"frsAsset":false,"dynamicFileName":false,"currentlyProcessedFileName":false,"tgtObjectAttributes":{},"runtimeParameterData":{"@type":"mtTaskRuntimeParameterData","isConnectionRuntimeParameter":false,"isObjectRuntimeParameter":false},"overriddenFields":[]}],"sequences":[],"inOutParameters":[{"@type":"mtTaskInOutParameter","id":"-1","name":"RunDate","description":"","initialValue":"1970-01-01 00:00:00","datatype":"STRING","precision":"30","scale":"0","retentionPolicy":"ON_SUCCESS","aggregationType":"MAX","currentValue":"2021-04-14 07:33:53"}],"connRuntimeAttrs":[]}]