[{"@type":"mappingTemplate","id":"@1","name":"Mapping256","description":"","bundleVersion":"0","templateId":"@3","deployTime":1623318419000,"hasParameters":false,"valid":true,"fixedConnection":true,"hasParametersDeployed":false,"fixedConnectionDeployed":true,"tasks":0,"mappingPreviewFileRecordId":"@2","documentType":"MAPPING","references":[{"@type":"reference","refObjectId":"@110b2UISTrKbdfmXn69EcF","refType":"connection"},{"@type":"reference","refObjectId":"@4S19wMbZGfKcPtfz3mS9sG","refType":"connection"}]}]