[{"@type":"mtTask","id":"@1","name":"mct_Agg_PNL_Sheet_Load","description":"","runtimeEnvironmentId":"@3VSUPGMTYZubFP5msPS3IN","maxLogs":10,"verbose":false,"lastRunTime":1622126045000,"mappingId":"@kZFTE0ENsW6bsFOvBqmPoH","shortDescription":"","sessionPropertiesList":[],"enableCrossSchemaPushdown":true,"enableParallelRun":false,"autoTunedApplied":false,"autoTunedAppliedType":"NONE","parameterFileName":"db_name.param","parameterFileDir":"C:\\Program Files\\Informatica Cloud Secure Agent\\apps\\Data_Integration_Server\\data\\userparameters","paramFileType":"PARAM_FILE_LOCAL","schemaMode":"async","parameterFileEncoding":"UTF-8","serverlessProperties":{},"taskProperties":[{"@type":"taskProperty","name":"parameterFileDir","currentValue":"C:\\Program Files\\Informatica Cloud Secure Agent\\apps\\Data_Integration_Server\\data\\userparameters","type":"STRING","label":"label.parameterFileDir","required":false},{"@type":"taskProperty","name":"parameterFileName","currentValue":"db_name.param","type":"STRING","label":"label.parameterFileName","required":false}],"parameters":[{"@type":"mtTaskParameter","id":243266239,"name":"$Source$","type":"SOURCE","label":"Source","uiProperties":{"connectionParameterized":"false","objectParameterized":"false","visible":"false"},"sourceConnectionId":"@9q4lQ5HjcpNg8lXOsm21eb","sourceObject":"DUMMY_Source","newFlatFile":false,"newObject":false,"showBusinessNames":false,"naturalOrder":true,"truncateTarget":false,"bulkApiDBTarget":false,"customFuncCfg":{"@type":"customFuncConfig","id":-1,"connections":[],"inputMap":[],"outputFields":[]},"tgtFieldRefs":{},"targetUpdateColumns":[],"runtimeAttrs":{},"isRESTModernSource":true,"customQuery":"SELECT \nhie.HIER_NUM , \nsubstring(fac.GL_TRANSACTION_DATE_KEY,1,4) year,\nCASE WHEN hie.HIER_NUM LIKE '4%' OR hie.HIER_NUM LIKE '8%'\nTHEN (SUM(fac.NET_AMOUNT)* -1) ELSE SUM(fac.NET_AMOUNT) END Amount,\nhie.HIER_NAME,\n hie.HIER1_NAME ACCOUNT_NAME,\n hie.HIER2_NAME ACCOUNT_DESC,\n hie.HIER3_NAME ACCOUNT_TITLE,\n hie.HIER4_NAME ACCOUNT_SUBCATEGORY,\n  hie.HIER5_NAME ACCOUNT_CATEGORY,\n dat.FISCAL_YEARMONTH,\n fac.GL_TRANSACTION_DATE_KEY,\n hie.Key_id\n from \"INFOFISCUS_SUMO_DATAMART\".\"FINANCE\".\"FACT_GLJOURNALS\" fac inner join \"INFOFISCUS_SUMO_DATAMART\".\"FINANCE\".\"DIM_HIERARCHY\" hie on\n fac.ACCOUNT_NUMBER=hie.HIER_NUM  and hie. KEY_ID like 'P%'\ninner join \"INFOFISCUS_SUMO_DATAMART\".\"FINANCE\".\"DIM_DATE\" dat on fac. GL_TRANSACTION_DATE_KEY=dat.DATE_PKEY  where year>=2015 and year<=2017\ngroup by 1,2,4,5,6,7,8,9,10,11,12\norder by 2","isFileList":false,"handleSpecialChars":false,"frsAsset":false,"dynamicFileName":false,"currentlyProcessedFileName":false,"tgtObjectAttributes":{},"runtimeParameterData":{"@type":"mtTaskRuntimeParameterData","isConnectionRuntimeParameter":false,"isObjectRuntimeParameter":false},"overriddenFields":[]},{"@type":"mtTaskParameter","id":243266242,"name":"$Target$","type":"TARGET","label":"Target","uiProperties":{"connectionParameterized":"false","objectParameterized":"false","visible":"false","defaultTargetUpdateColumns":""},"targetConnectionId":"@9q4lQ5HjcpNg8lXOsm21eb","targetObject":"INFOFISCUS_SUMO_DATAMART/FINANCE/AGG_PNL_SHEET","targetObjectLabel":"AGG_PNL_SHEET","newFlatFile":false,"newObject":false,"showBusinessNames":false,"naturalOrder":true,"truncateTarget":false,"bulkApiDBTarget":false,"operationType":"Insert","customFuncCfg":{"@type":"customFuncConfig","id":-1,"connections":[],"inputMap":[],"outputFields":[]},"tgtFieldRefs":{},"targetUpdateColumns":[],"extendedObject":{"@type":"extendedObject","filters":[],"sortFields":[]},"runtimeAttrs":{},"isRESTModernSource":true,"isFileList":false,"handleSpecialChars":false,"frsAsset":false,"dynamicFileName":false,"currentlyProcessedFileName":false,"tgtObjectAttributes":{},"runtimeParameterData":{"@type":"mtTaskRuntimeParameterData","isConnectionRuntimeParameter":false,"isObjectRuntimeParameter":false},"overriddenFields":[]}],"sequences":[],"inOutParameters":[],"connRuntimeAttrs":[]}]