[{"@type":"mtTask","id":"@1","name":"mct_NetSuite_Items_Extract","description":"","runtimeEnvironmentId":"@3VSUPGMTYZubFP5msPS3IN","maxLogs":10,"verbose":false,"lastRunTime":1622124224000,"mappingId":"@27M4emkHLkVgIzbpHTGCKx","shortDescription":"","sessionPropertiesList":[],"enableCrossSchemaPushdown":true,"enableParallelRun":false,"autoTunedApplied":false,"autoTunedAppliedType":"NONE","parameterFileName":"db_name.param","parameterFileDir":"C:\\Program Files\\Informatica Cloud Secure Agent\\apps\\Data_Integration_Server\\data\\userparameters","paramFileType":"PARAM_FILE_LOCAL","schemaMode":"async","parameterFileEncoding":"UTF-8","serverlessProperties":{},"taskProperties":[{"@type":"taskProperty","name":"parameterFileDir","currentValue":"C:\\Program Files\\Informatica Cloud Secure Agent\\apps\\Data_Integration_Server\\data\\userparameters","type":"STRING","label":"label.parameterFileDir","required":false},{"@type":"taskProperty","name":"parameterFileName","currentValue":"db_name.param","type":"STRING","label":"label.parameterFileName","required":false}],"parameters":[{"@type":"mtTaskParameter","id":245380363,"name":"$Src_NetSuite$","type":"EXTENDED_SOURCE","label":"Src_NetSuite","uiProperties":{"connectionParameterized":"false","isMsrcFilterParameterized":"false","isMsrcSortParameterized":"false","objlabel":"SRC_OBJECT","objectParameterized":"true","objDesc":""},"sourceConnectionId":"@62tpJtSLadUk9suzUzgjwc","newFlatFile":false,"newObject":false,"showBusinessNames":true,"naturalOrder":true,"truncateTarget":false,"bulkApiDBTarget":false,"customFuncCfg":{"@type":"customFuncConfig","id":-1,"connections":[],"inputMap":[],"outputFields":[]},"tgtFieldRefs":{},"targetUpdateColumns":[],"extendedObject":{"@type":"extendedObject","object":{"@type":"mObject","name":"ITEMS","label":"ITEMS","metadataUpdated":false,"relations":[],"children":[]},"filters":[],"sortFields":[]},"runtimeAttrs":{},"isRESTModernSource":true,"isFileList":false,"handleSpecialChars":false,"frsAsset":false,"dynamicFileName":false,"currentlyProcessedFileName":false,"tgtObjectAttributes":{},"runtimeParameterData":{"@type":"mtTaskRuntimeParameterData","isConnectionRuntimeParameter":false,"isObjectRuntimeParameter":false,"objectParameterName":"SRC_OBJECT"},"overriddenFields":[]},{"@type":"mtTaskParameter","id":245380366,"name":"$Tgt_Snf$","type":"TARGET","label":"Tgt_Snf","uiProperties":{"connectionParameterized":"false","objlabel":"TGT_OBJECT","objectParameterized":"true","objDesc":"","defaultTargetUpdateColumns":"","fieldMappingParameterized":"true"},"targetConnectionId":"@hkYtknnAd2EcQ58EbFM0on","targetObject":"INFOFISCUS_SUMO_LANDING/FINANCE/ITEMS","targetObjectLabel":"ITEMS","newFlatFile":false,"newObject":false,"showBusinessNames":true,"naturalOrder":true,"truncateTarget":false,"bulkApiDBTarget":false,"operationType":"Upsert","customFuncCfg":{"@type":"customFuncConfig","id":-1,"connections":[],"inputMap":[],"outputFields":[]},"tgtFieldRefs":{},"targetUpdateColumns":["ITEM_ID"],"extendedObject":{"@type":"extendedObject","filters":[],"sortFields":[]},"runtimeAttrs":{},"isRESTModernSource":true,"isFileList":false,"handleSpecialChars":false,"frsAsset":false,"dynamicFileName":false,"currentlyProcessedFileName":false,"tgtObjectAttributes":{},"runtimeParameterData":{"@type":"mtTaskRuntimeParameterData","isConnectionRuntimeParameter":false,"isObjectRuntimeParameter":false,"objectParameterName":"TGT_OBJECT"},"overriddenFields":[]},{"@type":"mtTaskParameter","id":245380369,"name":"$P_FIELD_MAP$","type":"STRING","text":"string (3, 0) ALLOW_DROP_SHIP=ALLOW_DROP_SHIP;string (38, 5) ALTERNATE_IMAGE_1=ALTERNATE_IMAGE_1;string (38, 5) ALTERNATE_IMAGE_1_THUMB=ALTERNATE_IMAGE_1_THUMB;string (38, 5) ALT_DEMAND_SOURCE_ITEM_ID=ALT_DEMAND_SOURCE_ITEM_ID;string (38, 5) ASSET_ACCOUNT_ID=ASSET_ACCOUNT_ID;string (38, 5) ATP_LEAD_TIME=ATP_LEAD_TIME;string (150, 0) ATP_METHOD=ATP_METHOD;string (3, 0) AVAILABLE_TO_PARTNERS=AVAILABLE_TO_PARTNERS;string (38, 5) AVERAGECOST=AVERAGECOST;string (38, 5) BACKWARD_CONSUMPTION_DAYS=BACKWARD_CONSUMPTION_DAYS;string (38, 5) BILL_EXCH_RATE_VAR_ACCOUNT_ID=BILL_EXCH_RATE_VAR_ACCOUNT_ID;string (38, 5) BILL_PRICE_VARIANCE_ACCOUNT_ID=BILL_PRICE_VARIANCE_ACCOUNT_ID;string (38, 5) BILL_QTY_VARIANCE_ACCOUNT_ID=BILL_QTY_VARIANCE_ACCOUNT_ID;string (1, 0) BUILD_SUB_ASSEMBLIES=BUILD_SUB_ASSEMBLIES;string (38, 5) CLASS_ID=CLASS_ID;string (16, 0) COSTING_METHOD=COSTING_METHOD;string (38, 5) COST_0=COST_0;string (50, 0) COST_CATEGORY=COST_CATEGORY;string (200, 0) COST_ESTIMATE_TYPE=COST_ESTIMATE_TYPE;string (6, 0) COUNTRY_OF_MANUFACTURE=COUNTRY_OF_MANUFACTURE;string (38, 9) CREATED=CREATED;string (100, 0) CREATE_PLAN_ON_EVENT_TYPE=CREATE_PLAN_ON_EVENT_TYPE;string (38, 5) CURRENT_ON_ORDER_COUNT=CURRENT_ON_ORDER_COUNT;string (38, 5) CUSTRETURN_VARIANCE_ACCOUNT_ID=CUSTRETURN_VARIANCE_ACCOUNT_ID;string (38, 9) DATE_LAST_MODIFIED=DATE_LAST_MODIFIED;string (38, 9) DATE_OF_LAST_TRANSACTION=DATE_OF_LAST_TRANSACTION;string (38, 5) DEFAULT_RETURN_COST=DEFAULT_RETURN_COST;string (38, 5) DEFERRED_EXPENSE_ACCOUNT_ID=DEFERRED_EXPENSE_ACCOUNT_ID;string (38, 5) DEFERRED_REVENUE_ACCOUNT_ID=DEFERRED_REVENUE_ACCOUNT_ID;string (50, 0) DEMAND_SOURCE=DEMAND_SOURCE;string (38, 5) DEMAND_TIME_FENCE=DEMAND_TIME_FENCE;string (1, 0) DEMO_ITEM=DEMO_ITEM;string (38, 5) DEPARTMENT_ID=DEPARTMENT_ID;string (3, 0) DEPOSIT=DEPOSIT;string (4000, 0) DISPLAYNAME=DISPLAYNAME;string (60, 0) DISTRIBUTION_CATEGORY=DISTRIBUTION_CATEGORY;string (100, 0) DISTRIBUTION_NETWORK=DISTRIBUTION_NETWORK;string (38, 5) DROPSHIP_EXPENSE_ACCOUNT_ID=DROPSHIP_EXPENSE_ACCOUNT_ID;string (150, 0) EFFECTIVE_BOM_CONTROL_TYPE=EFFECTIVE_BOM_CONTROL_TYPE;string (38, 5) ENGINEERING_STATUS_ID=ENGINEERING_STATUS_ID;string (38, 5) EXPENSE_ACCOUNT_ID=EXPENSE_ACCOUNT_ID;string (4000, 0) FEATUREDDESCRIPTION=FEATUREDDESCRIPTION;string (3, 0) FEATUREDITEM=FEATUREDITEM;string (38, 5) FIXED_LOT_SIZE=FIXED_LOT_SIZE;string (38, 5) FORWARD_CONSUMPTION_DAYS=FORWARD_CONSUMPTION_DAYS;string (38, 5) FRAME_WIDTH=FRAME_WIDTH;string (32, 0) FRAUD_RISK=FRAUD_RISK;string (600, 0) FULL_NAME=FULL_NAME;string (38, 5) GAIN_LOSS_ACCOUNT_ID=GAIN_LOSS_ACCOUNT_ID;string (38, 5) HANDLING_COST=HANDLING_COST;string (1, 0) HAZMAT=HAZMAT;string (50, 0) HAZMAT_HAZARD_CLASS=HAZMAT_HAZARD_CLASS;string (50, 0) HAZMAT_ID=HAZMAT_ID;string (20, 0) HAZMAT_ITEM_UNITS=HAZMAT_ITEM_UNITS;string (38, 5) HAZMAT_ITEM_UNITS_QTY=HAZMAT_ITEM_UNITS_QTY;string (10, 0) HAZMAT_PACKING_GROUP=HAZMAT_PACKING_GROUP;string (100, 0) HAZMAT_SHIPPING_NAME=HAZMAT_SHIPPING_NAME;string (3, 0) INCLUDE_CHILD_SUBSIDIARIES=INCLUDE_CHILD_SUBSIDIARIES;string (38, 5) INCOME_ACCOUNT_ID=INCOME_ACCOUNT_ID;string (38, 5) INTERCO_EXPENSE_ACCOUNT_ID=INTERCO_EXPENSE_ACCOUNT_ID;string (38, 5) INTERCO_INCOME_ACCOUNT_ID=INTERCO_INCOME_ACCOUNT_ID;string (38, 5) INVT_COUNT_CLASSIFICATION=INVT_COUNT_CLASSIFICATION;string (38, 5) INVT_COUNT_INTERVAL=INVT_COUNT_INTERVAL;string (3, 0) ISINACTIVE=ISINACTIVE;string (3, 0) ISONLINE=ISONLINE;string (3, 0) ISTAXABLE=ISTAXABLE;string (3, 0) IS_CONT_REV_HANDLING=IS_CONT_REV_HANDLING;string (3, 0) IS_ENFORCE_MIN_QTY_INTERNALLY=IS_ENFORCE_MIN_QTY_INTERNALLY;string (3, 0) IS_HOLD_REV_REC=IS_HOLD_REV_REC;string (3, 0) IS_MOSS=IS_MOSS;string (3, 0) IS_PHANTOM=IS_PHANTOM;string (3, 0) IS_SPECIAL_ORDER_ITEM=IS_SPECIAL_ORDER_ITEM;string (38, 5) ITEM_DEFINED_COST=ITEM_DEFINED_COST;string (255, 0) ITEM_EXTID=ITEM_EXTID;string (38, 5) ITEM_ID=ITEM_ID;string (250, 0) ITEM_REVENUE_CATEGORY=ITEM_REVENUE_CATEGORY;string (38, 5) LABOR_RATE=LABOR_RATE;string (38, 5) LARGE_IMAGE=LARGE_IMAGE;string (38, 9) LAST_COGS_CORRECTION=LAST_COGS_CORRECTION;string (38, 9) LAST_INVT_COUNT_DATE=LAST_INVT_COUNT_DATE;string (38, 5) LAST_PURCHASE_PRICE=LAST_PURCHASE_PRICE;string (38, 5) LOCATION_ID=LOCATION_ID;string (1, 0) LOT_NUMBERED_ITEM=LOT_NUMBERED_ITEM;string (50, 0) LOT_SIZING_METHOD=LOT_SIZING_METHOD;string (200, 0) MANUFACTURER=MANUFACTURER;string (38, 5) MANUFACTURER_ID=MANUFACTURER_ID;string (3, 0) MANUFACTURING_CHARGE_ITEM=MANUFACTURING_CHARGE_ITEM;string (1, 0) MATCH_BILL_TO_RECEIPT=MATCH_BILL_TO_RECEIPT;string (38, 5) MINIMUM_QUANTITY=MINIMUM_QUANTITY;string (38, 9) MODIFIED=MODIFIED;string (100, 0) MPN=MPN;string (38, 5) MSRP=MSRP;string (180, 0) NAME=NAME;string (38, 9) NEXT_INVT_COUNT_DATE=NEXT_INVT_COUNT_DATE;string (38, 5) NS_LEAD_TIME=NS_LEAD_TIME;string (3, 0) OFFERSUPPORT=OFFERSUPPORT;string (3, 0) ONSPECIAL=ONSPECIAL;string (100, 0) OVERHEAD_TYPE=OVERHEAD_TYPE;string (38, 5) PARENT_ID=PARENT_ID;string (4000, 0) PART_LOOKUP=PART_LOOKUP;string (38, 5) PAYMENT_METHOD_ID=PAYMENT_METHOD_ID;string (38, 5) PERIODIC_LOT_SIZE_DAYS=PERIODIC_LOT_SIZE_DAYS;string (50, 0) PERIODIC_LOT_SIZE_TYPE=PERIODIC_LOT_SIZE_TYPE;string (38, 5) PLANNING_METHOD_DEMO_ID=PLANNING_METHOD_DEMO_ID;string (38, 5) POPUP_IMAGE=POPUP_IMAGE;string (38, 5) PREF_PURCHASE_TAX_ID=PREF_PURCHASE_TAX_ID;string (38, 5) PREF_SALE_TAX_ID=PREF_SALE_TAX_ID;string (38, 5) PREF_STOCK_LEVEL=PREF_STOCK_LEVEL;string (1, 0) PRICES_INCLUDE_TAX=PRICES_INCLUDE_TAX;string (38, 5) PRICING_GROUP_ID=PRICING_GROUP_ID;string (3, 0) PRINT_SUB_ITEMS=PRINT_SUB_ITEMS;string (38, 5) PROD_PRICE_VAR_ACCOUNT_ID=PROD_PRICE_VAR_ACCOUNT_ID;string (38, 5) PROD_QTY_VAR_ACCOUNT_ID=PROD_QTY_VAR_ACCOUNT_ID;string (4000, 0) PURCHASEDESCRIPTION=PURCHASEDESCRIPTION;string (38, 5) PURCHASEORDERAMOUNT=PURCHASEORDERAMOUNT;string (38, 5) PURCHASEORDERQUANTITY=PURCHASEORDERQUANTITY;string (38, 5) PURCHASEORDERQUANTITYDIFF=PURCHASEORDERQUANTITYDIFF;string (38, 5) PURCHASE_PRICE_VAR_ACCOUNT_ID=PURCHASE_PRICE_VAR_ACCOUNT_ID;string (38, 5) PURCHASE_UNIT_ID=PURCHASE_UNIT_ID;string (38, 5) QUANTITYAVAILABLE=QUANTITYAVAILABLE;string (38, 5) QUANTITYBACKORDERED=QUANTITYBACKORDERED;string (38, 5) QUANTITYONHAND=QUANTITYONHAND;string (38, 5) RECEIPTAMOUNT=RECEIPTAMOUNT;string (38, 5) RECEIPTQUANTITY=RECEIPTQUANTITY;string (38, 5) RECEIPTQUANTITYDIFF=RECEIPTQUANTITYDIFF;string (38, 5) REORDERPOINT=REORDERPOINT;string (38, 5) REORDER_MULTIPLE=REORDER_MULTIPLE;string (50, 0) REPLENISHMENT_METHOD=REPLENISHMENT_METHOD;string (3, 0) RESALABLE=RESALABLE;string (38, 5) RESCHEDULE_IN_DAYS=RESCHEDULE_IN_DAYS;string (38, 5) RESCHEDULE_OUT_DAYS=RESCHEDULE_OUT_DAYS;string (60, 0) REVENUE_ALLOCATION_GROUP=REVENUE_ALLOCATION_GROUP;string (38, 5) REV_REC_FORECAST_RULE_ID=REV_REC_FORECAST_RULE_ID;string (38, 5) REV_REC_RULE_ID=REV_REC_RULE_ID;string (3, 0) ROUND_UP_AS_COMPONENT=ROUND_UP_AS_COMPONENT;string (38, 5) SAFETY_STOCK_DAYS=SAFETY_STOCK_DAYS;string (38, 5) SAFETY_STOCK_LEVEL=SAFETY_STOCK_LEVEL;string (4000, 0) SALESDESCRIPTION=SALESDESCRIPTION;string (42, 0) SALESPRICE=SALESPRICE;string (38, 5) SALE_UNIT_ID=SALE_UNIT_ID;string (38, 5) SCRAP_ACCOUNT_ID=SCRAP_ACCOUNT_ID;string (1, 0) SERIALIZED_ITEM=SERIALIZED_ITEM;string (38, 5) SHIPPINGCOST=SHIPPINGCOST;string (4000, 0) SPECIALSDESCRIPTION=SPECIALSDESCRIPTION;string (1, 0) SPECIAL_WORK_ORDER_ITEM=SPECIAL_WORK_ORDER_ITEM;string (4000, 0) SPECIFICATIONS=SPECIFICATIONS;string (38, 5) STOCK_UNIT_ID=STOCK_UNIT_ID;string (4000, 0) STOREDESCRIPTION=STOREDESCRIPTION;string (4000, 0) STOREDETAILEDDESCRIPTION=STOREDETAILEDDESCRIPTION;string (4000, 0) STOREDISPLAYNAME=STOREDISPLAYNAME;string (38, 5) STORE_WARRANTY_AVAILABLE_ID=STORE_WARRANTY_AVAILABLE_ID;string (10, 0) SUBTYPE=SUBTYPE;string (38, 5) SUPPLY_TIME_FENCE=SUPPLY_TIME_FENCE;string (50, 0) SUPPLY_TYPE=SUPPLY_TYPE;string (38, 5) TAX_ITEM_ID=TAX_ITEM_ID;string (38, 5) TOTALVALUE=TOTALVALUE;string (38, 5) TRANSFERPRICE=TRANSFERPRICE;string (45, 0) TYPE_NAME=TYPE_NAME;string (38, 5) UNBUILD_VARIANCE_ACCOUNT_ID=UNBUILD_VARIANCE_ACCOUNT_ID;string (38, 5) UNITS_TYPE_ID=UNITS_TYPE_ID;string (180, 0) UPC_CODE=UPC_CODE;string (3, 0) USE_COMPONENT_YIELD=USE_COMPONENT_YIELD;string (60, 0) VENDORNAME=VENDORNAME;string (38, 5) VENDOR_ID=VENDOR_ID;string (38, 5) VENDRETURN_VARIANCE_ACCOUNT_ID=VENDRETURN_VARIANCE_ACCOUNT_ID;string (28, 0) VSOE_DEFERRAL=VSOE_DEFERRAL;string (3, 0) VSOE_DELIVERED=VSOE_DELIVERED;string (12, 0) VSOE_DISCOUNT=VSOE_DISCOUNT;string (38, 5) VSOE_PRICE=VSOE_PRICE;string (38, 5) WEIGHT=WEIGHT;string (38, 5) WEIGHT_IN_USER_DEFINED_UNIT=WEIGHT_IN_USER_DEFINED_UNIT;string (38, 5) WEIGHT_UNIT_INDEX=WEIGHT_UNIT_INDEX;string (38, 5) WIP_ACCOUNT_ID=WIP_ACCOUNT_ID;string (38, 5) WIP_COST_VARIANCE_ACCOUNT_ID=WIP_COST_VARIANCE_ACCOUNT_ID;string (38, 5) WORK_ORDER_LEAD_TIME=WORK_ORDER_LEAD_TIME;string (38, 5) ZOOMED_IMAGE=ZOOMED_IMAGE;","label":"P_FIELD_MAP","description":"","uiProperties":{"paramtype":"Fieldmap","supressFieldmappingSuffix":"true","lefttitle":"Incoming Fields","righttitle":"Target Fields"},"newFlatFile":false,"newObject":false,"showBusinessNames":true,"naturalOrder":true,"truncateTarget":false,"bulkApiDBTarget":false,"customFuncCfg":{"@type":"customFuncConfig","id":-1,"connections":[],"inputMap":[],"outputFields":[]},"tgtFieldRefs":{},"targetUpdateColumns":[],"runtimeAttrs":{},"isRESTModernSource":true,"isFileList":false,"handleSpecialChars":false,"frsAsset":false,"dynamicFileName":false,"currentlyProcessedFileName":false,"tgtObjectAttributes":{},"runtimeParameterData":{"@type":"mtTaskRuntimeParameterData","isConnectionRuntimeParameter":false,"isObjectRuntimeParameter":false},"overriddenFields":[]}],"sequences":[],"inOutParameters":[{"@type":"mtTaskInOutParameter","id":"-1","name":"RunDate","description":"","initialValue":"1970-01-01 00:00:00","datatype":"STRING","precision":"30","scale":"0","retentionPolicy":"ON_SUCCESS","aggregationType":"MAX","currentValue":"2021-05-26 14:06:35"}],"connRuntimeAttrs":[]}]