[{"@type":"mtTask","id":"@1","name":"mct_Stg_Booking_Extract","description":"","runtimeEnvironmentId":"@3VSUPGMTYZubFP5msPS3IN","maxLogs":10,"verbose":false,"lastRunTime":1618472097000,"mappingId":"@59dVGrI50AleH8FaYzpSwF","shortDescription":"","sessionPropertiesList":[],"enableCrossSchemaPushdown":true,"enableParallelRun":false,"autoTunedApplied":false,"autoTunedAppliedType":"NONE","parameterFileName":"db_name.param","parameterFileDir":"C:\\Program Files\\Informatica Cloud Secure Agent\\apps\\Data_Integration_Server\\data\\userparameters","paramFileType":"PARAM_FILE_LOCAL","schemaMode":"async","parameterFileEncoding":"UTF-8","serverlessProperties":{},"taskProperties":[{"@type":"taskProperty","name":"parameterFileDir","currentValue":"C:\\Program Files\\Informatica Cloud Secure Agent\\apps\\Data_Integration_Server\\data\\userparameters","type":"STRING","label":"label.parameterFileDir","required":false},{"@type":"taskProperty","name":"parameterFileName","currentValue":"db_name.param","type":"STRING","label":"label.parameterFileName","required":false}],"parameters":[{"@type":"mtTaskParameter","id":247443085,"name":"$Src_booking$","type":"SOURCE","label":"Src_booking","uiProperties":{"connectionParameterized":"false","objectParameterized":"false","visible":"false"},"sourceConnectionId":"@hkYtknnAd2EcQ58EbFM0on","sourceObject":"DUMMY_Src_booking","newFlatFile":false,"newObject":false,"showBusinessNames":false,"naturalOrder":true,"truncateTarget":false,"bulkApiDBTarget":false,"customFuncCfg":{"@type":"customFuncConfig","id":-1,"connections":[],"inputMap":[],"outputFields":[]},"tgtFieldRefs":{},"targetUpdateColumns":[],"runtimeAttrs":{},"isRESTModernSource":true,"customQuery":"SELECT DISTINCT\nTL.ACCOUNT_ID\n,T.ENTITY_ID\n,T.TRANDATE\n,T.PROMISE_DATE\n,T.BILLADDRESS\n,T.SHIPADDRESS\n,I.COST_0\n,I.COST_0 *(-TL.ITEM_COUNT) COST_PRICE_AMOUNT\n,TL.ITEM_ID\n,T.TRANSACTION_ID\n,T.TRANSACTION_NUMBER\n,T.TRANSACTION_TYPE\n,I.TYPE_NAME\n,T.STATUS\n,TL.EST__COST\n,TL.QUANTITY_RECEIVED_IN_SHIPMENT\n,TL.ITEM_COUNT\n,TL.TRANSACTION_LINE_ID\n,TL.ESTIMATED_COST\n,TL.QUANTITY_COMMITTED\n,TL.ITEM_UNIT_PRICE\n,TL.ITEM_COUNT*-1 QUANTITY\n,CASE WHEN TL.AMOUNT<0 THEN  TL.AMOUNT* -1 ELSE TL.AMOUNT END AS AMOUNT\n,CASE WHEN TL.GROSS_AMOUNT<0 THEN  TL.GROSS_AMOUNT* -1 ELSE TL.GROSS_AMOUNT END AS GROSS_AMOUNT\n,CASE WHEN TL.NET_AMOUNT<0 THEN  TL.NET_AMOUNT* -1 ELSE TL.NET_AMOUNT END AS NET_AMOUNT\nFROM \"INFOFISCUS_SUMO_LANDING\".\"SUPPLYCHAIN\".\"TRANSACTIONS\" T\nINNER JOIN \"INFOFISCUS_SUMO_LANDING\".\"SUPPLYCHAIN\".\"TRANSACTION_LINES\" TL ON TL.TRANSACTION_ID = T.TRANSACTION_ID\nINNER JOIN \"INFOFISCUS_SUMO_LANDING\".\"SUPPLYCHAIN\".\"ITEMS\" I  ON TL.ITEM_ID = I.ITEM_ID \nAND  T.TRANSACTION_TYPE = 'Sales Order'\nAND  TL.ITEM_ID > 0\nAND  TL.ITEM_ID IS NOT NULL\nAND  I.TYPE_NAME IN ('Inventory Item','Non-inventory Item','Download Item','Kit/Package','Other Charge','Service');","isFileList":false,"handleSpecialChars":false,"frsAsset":false,"dynamicFileName":false,"currentlyProcessedFileName":false,"tgtObjectAttributes":{},"runtimeParameterData":{"@type":"mtTaskRuntimeParameterData","isConnectionRuntimeParameter":false,"isObjectRuntimeParameter":false},"overriddenFields":[]},{"@type":"mtTaskParameter","id":247443088,"name":"$Tgt_booking$","type":"TARGET","label":"Tgt_booking","uiProperties":{"connectionParameterized":"false","objectParameterized":"false","visible":"false","defaultTargetUpdateColumns":""},"targetConnectionId":"@hkYtknnAd2EcQ58EbFM0on","targetObject":"INFOFISCUS_SUMO_STAGING/SUPPLYCHAIN/STG_BOOKING","targetObjectLabel":"STG_BOOKING","newFlatFile":false,"newObject":false,"showBusinessNames":false,"naturalOrder":true,"truncateTarget":false,"bulkApiDBTarget":false,"operationType":"Insert","customFuncCfg":{"@type":"customFuncConfig","id":-1,"connections":[],"inputMap":[],"outputFields":[]},"tgtFieldRefs":{},"targetUpdateColumns":[],"extendedObject":{"@type":"extendedObject","filters":[],"sortFields":[]},"runtimeAttrs":{},"isRESTModernSource":true,"isFileList":false,"handleSpecialChars":false,"frsAsset":false,"dynamicFileName":false,"currentlyProcessedFileName":false,"tgtObjectAttributes":{},"runtimeParameterData":{"@type":"mtTaskRuntimeParameterData","isConnectionRuntimeParameter":false,"isObjectRuntimeParameter":false},"overriddenFields":[]}],"sequences":[],"inOutParameters":[],"connRuntimeAttrs":[]}]