[{"@type":"mappingTemplate","id":"@1","name":"m_Runid _table","description":"","bundleVersion":"0","templateId":"@3","deployTime":1620113810000,"hasParameters":true,"valid":true,"fixedConnection":true,"hasParametersDeployed":true,"fixedConnectionDeployed":true,"tasks":1,"mappingPreviewFileRecordId":"@2","documentType":"MAPPING","references":[{"@type":"reference","refObjectId":"@110b2UISTrKbdfmXn69EcF","refType":"connection"},{"@type":"reference","refObjectId":"@hkYtknnAd2EcQ58EbFM0on","refType":"connection"}]}]