[{"@type":"mappingTemplate","id":"@1","name":"m_Landing_Stg_Entity_Extract","description":"This session Loads Netsuite landing Data [based on Companycode(Etity)] into STAGE_FINANCE_DATAMART Staging Area","bundleVersion":"0","templateId":"@3","deployTime":1617970370000,"hasParameters":false,"valid":true,"fixedConnection":true,"hasParametersDeployed":false,"fixedConnectionDeployed":true,"tasks":1,"mappingPreviewFileRecordId":"@2","documentType":"","references":[{"@type":"reference","refObjectId":"@hkYtknnAd2EcQ58EbFM0on","refType":"connection"}]}]