[{"@type":"mappingTemplate","id":"@1","name":"m_Netsuite_to_SNF_Landing_DB_INC_Extract","description":"","bundleVersion":"0","templateId":"@3","deployTime":1617692927000,"hasParameters":true,"valid":true,"fixedConnection":true,"hasParametersDeployed":true,"fixedConnectionDeployed":true,"tasks":6,"mappingPreviewFileRecordId":"@2","documentType":"","references":[{"@type":"reference","refObjectId":"@hkYtknnAd2EcQ58EbFM0on","refType":"connection"},{"@type":"reference","refObjectId":"@62tpJtSLadUk9suzUzgjwc","refType":"connection"}]}]