[{"@type":"mtTask","id":"@1","name":"mct_audit_log_table","description":"","runtimeEnvironmentId":"@3VSUPGMTYZubFP5msPS3IN","maxLogs":10,"verbose":false,"lastRunTime":1620118205000,"mappingId":"@1NVsOLoHhePl6JdKNhX7gA","shortDescription":"","sessionPropertiesList":[],"enableCrossSchemaPushdown":true,"enableParallelRun":false,"autoTunedApplied":false,"autoTunedAppliedType":"NONE","parameterFileName":"db_name.param","parameterFileDir":"C:\\Program Files\\Informatica Cloud Secure Agent\\apps\\Data_Integration_Server\\data\\userparameters","paramFileType":"PARAM_FILE_LOCAL","schemaMode":"async","parameterFileEncoding":"UTF-8","serverlessProperties":{},"taskProperties":[{"@type":"taskProperty","name":"parameterFileDir","currentValue":"C:\\Program Files\\Informatica Cloud Secure Agent\\apps\\Data_Integration_Server\\data\\userparameters","type":"STRING","label":"label.parameterFileDir","required":false},{"@type":"taskProperty","name":"parameterFileName","currentValue":"db_name.param","type":"STRING","label":"label.parameterFileName","required":false}],"parameters":[{"@type":"mtTaskParameter","id":262771555,"name":"$Source$","type":"EXTENDED_SOURCE","label":"Source","uiProperties":{"connectionParameterized":"false","isMsrcFilterParameterized":"false","isMsrcSortParameterized":"false","objectParameterized":"false","visible":"false"},"sourceConnectionId":"@hkYtknnAd2EcQ58EbFM0on","newFlatFile":false,"newObject":false,"showBusinessNames":false,"naturalOrder":true,"truncateTarget":false,"bulkApiDBTarget":false,"customFuncCfg":{"@type":"customFuncConfig","id":-1,"connections":[],"inputMap":[],"outputFields":[]},"tgtFieldRefs":{},"targetUpdateColumns":[],"extendedObject":{"@type":"extendedObject","object":{"@type":"mObject","name":"INFOFISCUS_SUMO_DATAMART/SUPPLYCHAIN/DUMMY_SRC","label":"DUMMY_SRC","metadataUpdated":false,"relations":[],"children":[]},"advancedFilterExpression":"DUMMY_SRC.CREATED_DATE>'$$Max_Created_Run_Date'","filters":[],"sortFields":[]},"runtimeAttrs":{},"isRESTModernSource":true,"isFileList":false,"handleSpecialChars":false,"frsAsset":false,"dynamicFileName":false,"currentlyProcessedFileName":false,"tgtObjectAttributes":{},"runtimeParameterData":{"@type":"mtTaskRuntimeParameterData","isConnectionRuntimeParameter":false,"isObjectRuntimeParameter":false},"overriddenFields":[]},{"@type":"mtTaskParameter","id":262771558,"name":"$Target$","type":"TARGET","label":"Target","uiProperties":{"connectionParameterized":"false","objectParameterized":"false","visible":"false","defaultTargetUpdateColumns":""},"targetConnectionId":"@hkYtknnAd2EcQ58EbFM0on","targetObject":"INFOFISCUS_SUMO_DATAMART/SUPPLYCHAIN/AUDIT_TEST","targetObjectLabel":"AUDIT_TEST","newFlatFile":false,"newObject":false,"showBusinessNames":false,"naturalOrder":true,"truncateTarget":false,"bulkApiDBTarget":false,"operationType":"Insert","customFuncCfg":{"@type":"customFuncConfig","id":-1,"connections":[],"inputMap":[],"outputFields":[]},"tgtFieldRefs":{},"targetUpdateColumns":[],"extendedObject":{"@type":"extendedObject","filters":[],"sortFields":[]},"runtimeAttrs":{},"isRESTModernSource":true,"isFileList":false,"handleSpecialChars":false,"frsAsset":false,"dynamicFileName":false,"currentlyProcessedFileName":false,"tgtObjectAttributes":{},"runtimeParameterData":{"@type":"mtTaskRuntimeParameterData","isConnectionRuntimeParameter":false,"isObjectRuntimeParameter":false},"overriddenFields":[]},{"@type":"mtTaskParameter","id":262771561,"name":"$WebServices$","type":"BUSINESS_SERVICE","label":"WebServices","uiProperties":{"visible":"false"},"newFlatFile":false,"newObject":false,"showBusinessNames":true,"naturalOrder":true,"truncateTarget":false,"bulkApiDBTarget":false,"customFuncCfg":{"@type":"customFuncConfig","id":-1,"connections":[],"inputMap":[],"outputFields":[]},"tgtFieldRefs":{},"targetUpdateColumns":[],"runtimeAttrs":{},"isRESTModernSource":true,"isFileList":false,"handleSpecialChars":false,"frsAsset":false,"dynamicFileName":false,"currentlyProcessedFileName":false,"businessServiceData":{"@type":"businessServiceData","businessServiceId":"@7lEWdpXwTsweSGJaRjMf88","operationId":"@7lEWdpXwTsweSGJaRjMf88@RUNSTATUS"},"tgtObjectAttributes":{},"runtimeParameterData":{"@type":"mtTaskRuntimeParameterData","isConnectionRuntimeParameter":false,"isObjectRuntimeParameter":false},"overriddenFields":[]}],"sequences":[{"@type":"sequenceDefinition","id":"2270254","txName":"Sequence","initialValue":"1","currentValue":"55"}],"inOutParameters":[{"@type":"mtTaskInOutParameter","id":"-1","name":"icSessionId","description":"","initialValue":"","datatype":"STRING","precision":"255","scale":"0","retentionPolicy":"ON_SUCCESS","aggregationType":"MAX","currentValue":"gkAK9oqdYCOksjQkIYl5YO"},{"@type":"mtTaskInOutParameter","id":"-1","name":"Max_Created_Run_Date","description":"","initialValue":"1920-01-01 00:00:00.000","datatype":"STRING","precision":"30","scale":"0","retentionPolicy":"ON_SUCCESS_OR_WARNING","aggregationType":"MAX","currentValue":"2021-05-04 08:39:39.076"}],"connRuntimeAttrs":[]}]