[{"@type":"mtTask","id":"@1","name":"mct_Netsuite_Customers_Extract","description":"","runtimeEnvironmentId":"@3VSUPGMTYZubFP5msPS3IN","maxLogs":10,"verbose":false,"lastRunTime":1618471859000,"mappingId":"@9CLIC76BNqhhJcOVkwsfq4","shortDescription":"","sessionPropertiesList":[],"enableCrossSchemaPushdown":true,"enableParallelRun":false,"autoTunedApplied":false,"autoTunedAppliedType":"NONE","parameterFileName":"db_name.param","parameterFileDir":"C:\\Program Files\\Informatica Cloud Secure Agent\\apps\\Data_Integration_Server\\data\\userparameters","paramFileType":"PARAM_FILE_LOCAL","schemaMode":"async","parameterFileEncoding":"UTF-8","serverlessProperties":{},"taskProperties":[{"@type":"taskProperty","name":"parameterFileDir","currentValue":"C:\\Program Files\\Informatica Cloud Secure Agent\\apps\\Data_Integration_Server\\data\\userparameters","type":"STRING","label":"label.parameterFileDir","required":false},{"@type":"taskProperty","name":"parameterFileName","currentValue":"db_name.param","type":"STRING","label":"label.parameterFileName","required":false}],"parameters":[{"@type":"mtTaskParameter","id":245420560,"name":"$Src_NetSuite$","type":"EXTENDED_SOURCE","label":"Src_NetSuite","uiProperties":{"connectionParameterized":"false","isMsrcFilterParameterized":"false","isMsrcSortParameterized":"false","objlabel":"SRC_OBJECT","objectParameterized":"true","objDesc":""},"sourceConnectionId":"@62tpJtSLadUk9suzUzgjwc","newFlatFile":false,"newObject":false,"showBusinessNames":true,"naturalOrder":true,"truncateTarget":false,"bulkApiDBTarget":false,"customFuncCfg":{"@type":"customFuncConfig","id":-1,"connections":[],"inputMap":[],"outputFields":[]},"tgtFieldRefs":{},"targetUpdateColumns":[],"extendedObject":{"@type":"extendedObject","object":{"@type":"mObject","name":"CUSTOMERS","label":"CUSTOMERS","metadataUpdated":false,"relations":[],"children":[]},"filters":[],"sortFields":[]},"runtimeAttrs":{},"isRESTModernSource":true,"isFileList":false,"handleSpecialChars":false,"frsAsset":false,"dynamicFileName":false,"currentlyProcessedFileName":false,"tgtObjectAttributes":{},"runtimeParameterData":{"@type":"mtTaskRuntimeParameterData","isConnectionRuntimeParameter":false,"isObjectRuntimeParameter":false,"objectParameterName":"SRC_OBJECT"},"overriddenFields":[]},{"@type":"mtTaskParameter","id":245420563,"name":"$Tgt_Snf$","type":"TARGET","label":"Tgt_Snf","uiProperties":{"connectionParameterized":"false","objlabel":"TGT_OBJECT","objectParameterized":"true","objDesc":"","defaultTargetUpdateColumns":"","fieldMappingParameterized":"true"},"targetConnectionId":"@hkYtknnAd2EcQ58EbFM0on","targetObject":"INFOFISCUS_SUMO_LANDING/SUPPLYCHAIN/CUSTOMERS","targetObjectLabel":"CUSTOMERS","newFlatFile":false,"newObject":false,"showBusinessNames":true,"naturalOrder":true,"truncateTarget":false,"bulkApiDBTarget":false,"operationType":"Upsert","customFuncCfg":{"@type":"customFuncConfig","id":-1,"connections":[],"inputMap":[],"outputFields":[]},"tgtFieldRefs":{},"targetUpdateColumns":["CUSTOMER_ID"],"extendedObject":{"@type":"extendedObject","filters":[],"sortFields":[]},"runtimeAttrs":{},"isRESTModernSource":true,"isFileList":false,"handleSpecialChars":false,"frsAsset":false,"dynamicFileName":false,"currentlyProcessedFileName":false,"tgtObjectAttributes":{},"runtimeParameterData":{"@type":"mtTaskRuntimeParameterData","isConnectionRuntimeParameter":false,"isObjectRuntimeParameter":false,"objectParameterName":"TGT_OBJECT"},"overriddenFields":[]},{"@type":"mtTaskParameter","id":245420566,"name":"$P_FIELD_MAP$","type":"STRING","text":"string (99, 0) ACCOUNTNUMBER=ACCOUNTNUMBER;string (32, 0) ALCOHOL_RECIPIENT_TYPE=ALCOHOL_RECIPIENT_TYPE;string (10, 0) ALLOW_TASK_TIME_FOR_ALLOCATION=ALLOW_TASK_TIME_FOR_ALLOCATION;string (254, 0) ALTEMAIL=ALTEMAIL;string (38, 10) ALTERNATE_CONTACT_ID=ALTERNATE_CONTACT_ID;string (100, 0) ALTPHONE=ALTPHONE;string (38, 10) AMOUNT_COMPLETE=AMOUNT_COMPLETE;string (38, 10) ANNUAL_REVENUE_ID=ANNUAL_REVENUE_ID;string (4000, 0) AP_CONTACT_PERSON=AP_CONTACT_PERSON;string (999, 0) BILLADDRESS=BILLADDRESS;string (38, 10) BILLING_RATE_CARD_ID=BILLING_RATE_CARD_ID;string (38, 10) BILLING_SCHEDULE_ID=BILLING_SCHEDULE_ID;string (60, 0) BILLING_SCHEDULE_TYPE=BILLING_SCHEDULE_TYPE;string (200, 0) BILLING_TRANSACTION_TYPE=BILLING_TRANSACTION_TYPE;string (38, 9) CALCULATED_END=CALCULATED_END;string (30, 0) CATEGORY_0=CATEGORY_0;string (38, 10) CATEGORY_ID=CATEGORY_ID;string (50, 0) CITY=CITY;string (16777216, 0) COLLECTION_NOTES=COLLECTION_NOTES;string (4000, 0) COMMENTS=COMMENTS;string (83, 0) COMPANYNAME=COMPANYNAME;string (38, 10) COMPANY_SIZE_ID=COMPANY_SIZE_ID;string (38, 10) CONSOL_DAYS_OVERDUE=CONSOL_DAYS_OVERDUE;string (38, 10) CONSOL_DEPOSIT_BALANCE=CONSOL_DEPOSIT_BALANCE;string (38, 10) CONSOL_DEPOSIT_BALANCE_FOREIGN=CONSOL_DEPOSIT_BALANCE_FOREIGN;string (38, 10) CONSOL_OPENBALANCE=CONSOL_OPENBALANCE;string (38, 10) CONSOL_OPENBALANCE_FOREIGN=CONSOL_OPENBALANCE_FOREIGN;string (38, 10) CONSOL_UNBILLED_ORDERS=CONSOL_UNBILLED_ORDERS;string (38, 10) CONSOL_UNBILLED_ORDERS_FOREIGN=CONSOL_UNBILLED_ORDERS_FOREIGN;string (38, 10) CONVERTED_TO_CONTACT_ID=CONVERTED_TO_CONTACT_ID;string (38, 10) CONVERTED_TO_ID=CONVERTED_TO_ID;string (38, 10) COST_ESTIMATE=COST_ESTIMATE;string (50, 0) COUNTRY=COUNTRY;string (38, 9) CREATE_DATE=CREATE_DATE;string (4, 0) CREDITHOLD=CREDITHOLD;string (38, 10) CREDITLIMIT=CREDITLIMIT;string (38, 10) CURRENCY_ID=CURRENCY_ID;string (38, 10) CURRENT_SALES_ORDER_ID=CURRENT_SALES_ORDER_ID;string (1, 0) CUSTOMER_CREDIT_ON_HOLD=CUSTOMER_CREDIT_ON_HOLD;string (255, 0) CUSTOMER_EXTID=CUSTOMER_EXTID;string (38, 10) CUSTOMER_ID=CUSTOMER_ID;string (38, 10) CUSTOMER_TYPE_ID=CUSTOMER_TYPE_ID;string (38, 9) DATE_CLOSED=DATE_CLOSED;string (38, 9) DATE_CONVSERSION=DATE_CONVSERSION;string (38, 9) DATE_FIRST_ORDER=DATE_FIRST_ORDER;string (38, 9) DATE_FIRST_SALE=DATE_FIRST_SALE;string (38, 9) DATE_GROSS_LEAD=DATE_GROSS_LEAD;string (38, 9) DATE_LAST_MODIFIED=DATE_LAST_MODIFIED;string (38, 9) DATE_LAST_ORDER=DATE_LAST_ORDER;string (38, 9) DATE_LAST_SALE=DATE_LAST_SALE;string (38, 9) DATE_LEAD=DATE_LEAD;string (38, 9) DATE_PROSPECT=DATE_PROSPECT;string (38, 10) DAYS_OVERDUE=DAYS_OVERDUE;string (38, 10) DEFAULT_COST_TEMPLATE_ID=DEFAULT_COST_TEMPLATE_ID;string (38, 10) DEFAULT_ORDER_PRIORITY=DEFAULT_ORDER_PRIORITY;string (38, 10) DEFAULT_RECEIVABLES_ACCOUNT_ID=DEFAULT_RECEIVABLES_ACCOUNT_ID;string (38, 10) DEPARTMENT_ID=DEPARTMENT_ID;string (38, 10) DEPOSIT_BALANCE=DEPOSIT_BALANCE;string (38, 10) DEPOSIT_BALANCE_FOREIGN=DEPOSIT_BALANCE_FOREIGN;string (1, 0) DIRECT_DEBIT=DIRECT_DEBIT;string (1, 0) EFT_BILL_PAYMENT=EFT_BILL_PAYMENT;string (1, 0) EFT_CUSTOMER_REFUND_PAYMENT=EFT_CUSTOMER_REFUND_PAYMENT;string (254, 0) EMAIL=EMAIL;string (38, 9) EXPECTED_CLOSE=EXPECTED_CLOSE;string (100, 0) FAX=FAX;string (32, 0) FIRSTNAME=FIRSTNAME;string (38, 10) FIRST_SALE_PERIOD_ID=FIRST_SALE_PERIOD_ID;string (38, 9) FIRST_VISIT=FIRST_VISIT;string (10, 0) FORECAST_BASED_ON_ALLOCATIONS=FORECAST_BASED_ON_ALLOCATIONS;string (10, 0) FORECAST_CHARGE_RUN_ON_DEMAND=FORECAST_CHARGE_RUN_ON_DEMAND;string (1800, 0) FULL_NAME=FULL_NAME;string (100, 0) HOME_PHONE=HOME_PHONE;string (1, 0) HOT_LEAD=HOT_LEAD;string (38, 10) HOW_DID_YOU_HEAR_OF_US_ID=HOW_DID_YOU_HEAR_OF_US_ID;string (38, 10) INDUSTRY_TYPE_ID=INDUSTRY_TYPE_ID;string (10, 0) ISEMAILHTML=ISEMAILHTML;string (10, 0) ISEMAILPDF=ISEMAILPDF;string (10, 0) ISINACTIVE=ISINACTIVE;string (10, 0) ISTAXABLE=ISTAXABLE;string (10, 0) IS_EXEMPT_TIME=IS_EXEMPT_TIME;string (10, 0) IS_EXPLICIT_CONVERSION=IS_EXPLICIT_CONVERSION;string (10, 0) IS_JOB=IS_JOB;string (10, 0) IS_LIMIT_TIME_TO_ASSIGNEES=IS_LIMIT_TIME_TO_ASSIGNEES;string (1, 0) IS_MANUFACTURER=IS_MANUFACTURER;string (10, 0) IS_PERSON=IS_PERSON;string (10, 0) IS_PRODUCTIVE_TIME=IS_PRODUCTIVE_TIME;string (10, 0) IS_PROJECT_COMPLETELY_BILLED=IS_PROJECT_COMPLETELY_BILLED;string (10, 0) IS_UTILIZED_TIME=IS_UTILIZED_TIME;string (38, 9) JOB_END=JOB_END;string (38, 9) JOB_START=JOB_START;string (38, 10) JOB_TYPE_ID=JOB_TYPE_ID;string (38, 10) KEYWORD_SEARCH2_ID=KEYWORD_SEARCH2_ID;string (38, 10) KEYWORD_SEARCH_ID=KEYWORD_SEARCH_ID;string (10, 0) LABOR_BUDGET_FROM_ALLOCATIONS=LABOR_BUDGET_FROM_ALLOCATIONS;string (30, 0) LANGUAGE_ID=LANGUAGE_ID;string (32, 0) LASTNAME=LASTNAME;string (38, 9) LAST_MODIFIED_DATE=LAST_MODIFIED_DATE;string (38, 10) LAST_SALE_PERIOD_ID=LAST_SALE_PERIOD_ID;string (38, 9) LAST_VISIT=LAST_VISIT;string (38, 10) LEAD_SOURCE_ID=LEAD_SOURCE_ID;string (150, 0) LINE1=LINE1;string (150, 0) LINE2=LINE2;string (150, 0) LINE3=LINE3;string (10, 0) LOGINACCESS=LOGINACCESS;string (38, 10) MEDIUM_ID=MEDIUM_ID;string (32, 0) MIDDLENAME=MIDDLENAME;string (100, 0) MOBILE_PHONE=MOBILE_PHONE;string (38, 10) MULTIPLE_PRICE_ID=MULTIPLE_PRICE_ID;string (83, 0) NAME=NAME;string (38, 10) OPENBALANCE=OPENBALANCE;string (38, 10) OPENBALANCE_FOREIGN=OPENBALANCE_FOREIGN;string (38, 10) PARENT_ID=PARENT_ID;string (38, 10) PARTNER_ID=PARTNER_ID;string (38, 10) PAYMENT_COMMITMENT_AMOUNT=PAYMENT_COMMITMENT_AMOUNT;string (38, 9) PAYMENT_COMMITMENT_DATE=PAYMENT_COMMITMENT_DATE;string (38, 10) PAYMENT_TERMS_ID=PAYMENT_TERMS_ID;string (38, 10) PAYMENT__OF_BALANCE=PAYMENT__OF_BALANCE;string (100, 0) PHONE=PHONE;string (38, 10) PRIMARY_CONTACT_ID=PRIMARY_CONTACT_ID;string (83, 0) PRINT_ON_CHECK_AS=PRINT_ON_CHECK_AS;string (38, 10) PRIORITY=PRIORITY;string (38, 10) PROBABILITY=PROBABILITY;string (38, 10) PRODUCT_INTEREST_ID=PRODUCT_INTEREST_ID;string (38, 9) PROJECTED_END=PROJECTED_END;string (38, 10) PROJECT_EXPENSE_TYPE_ID=PROJECT_EXPENSE_TYPE_ID;string (4000, 0) REFERRER=REFERRER;string (38, 10) RELATED_ASSET_ID=RELATED_ASSET_ID;string (38, 10) REMAINING_VENDOR_CREDIT=REMAINING_VENDOR_CREDIT;string (38, 10) REMINDERDAYS=REMINDERDAYS;string (38, 9) RENEWAL=RENEWAL;string (38, 10) REPRESENTS_SUBSIDIARY_ID=REPRESENTS_SUBSIDIARY_ID;string (20, 0) RESALENUMBER=RESALENUMBER;string (38, 10) REVENUE_ESTIMATE=REVENUE_ESTIMATE;string (38, 10) REV_REC_FORECAST_RULE_ID=REV_REC_FORECAST_RULE_ID;string (38, 10) REV_REC_FORECAST_TEMPLATE=REV_REC_FORECAST_TEMPLATE;string (1, 0) SALES_ENGINEER=SALES_ENGINEER;string (38, 10) SALES_REP_ID=SALES_REP_ID;string (38, 10) SALES_TERRITORY_ID=SALES_TERRITORY_ID;string (30, 0) SALUTATION=SALUTATION;string (38, 10) SEARCH_ENGINE_ID=SEARCH_ENGINE_ID;string (1, 0) SET_CUSTOMER_CREDIT_ON_HOLD=SET_CUSTOMER_CREDIT_ON_HOLD;string (999, 0) SHIPADDRESS=SHIPADDRESS;string (4000, 0) SHIPPING_INSTRUCTIONS=SHIPPING_INSTRUCTIONS;string (10, 0) SHIP_COMPLETE=SHIP_COMPLETE;string (50, 0) STATE=STATE;string (199, 0) STATUS=STATUS;string (199, 0) STATUS_DESCR=STATUS_DESCR;string (38, 10) STATUS_PROBABILITY=STATUS_PROBABILITY;string (10, 0) STATUS_READ_ONLY=STATUS_READ_ONLY;string (38, 10) SUBSIDIARY_ID=SUBSIDIARY_ID;string (38, 10) SUPERVISORE_ID=SUPERVISORE_ID;string (38, 10) TAX_ITEM_ID=TAX_ITEM_ID;string (32, 0) THIRD_PARTY_ACCT=THIRD_PARTY_ACCT;string (64, 0) THIRD_PARTY_CARRIER=THIRD_PARTY_CARRIER;string (6, 0) THIRD_PARTY_COUNTRY=THIRD_PARTY_COUNTRY;string (10, 0) THIRD_PARTY_ZIP_CODE=THIRD_PARTY_ZIP_CODE;string (38, 10) TOP_LEVEL_PARENT_ID=TOP_LEVEL_PARENT_ID;string (38, 10) UNBILLED_ORDERS=UNBILLED_ORDERS;string (38, 10) UNBILLED_ORDERS_FOREIGN=UNBILLED_ORDERS_FOREIGN;string (100, 0) URL=URL;string (10, 0) USE_CALCULATED_BILLING_BUDGET=USE_CALCULATED_BILLING_BUDGET;string (10, 0) USE_CALCULATED_COST_BUDGET=USE_CALCULATED_COST_BUDGET;string (10, 0) USE_PERCENT_COMPLETE_OVERRIDE=USE_PERCENT_COMPLETE_OVERRIDE;string (38, 10) VENDOR_LEAD_TIME=VENDOR_LEAD_TIME;string (38, 10) WC_PICTURE=WC_PICTURE;string (10, 0) WEB_LEAD=WEB_LEAD;string (21, 0) WRNTY_CENTER_PHONE=WRNTY_CENTER_PHONE;string (36, 0) ZIPCODE=ZIPCODE;","label":"P_FIELD_MAP","description":"","uiProperties":{"paramtype":"Fieldmap","supressFieldmappingSuffix":"true","lefttitle":"Incoming Fields","righttitle":"Target Fields"},"newFlatFile":false,"newObject":false,"showBusinessNames":true,"naturalOrder":true,"truncateTarget":false,"bulkApiDBTarget":false,"customFuncCfg":{"@type":"customFuncConfig","id":-1,"connections":[],"inputMap":[],"outputFields":[]},"tgtFieldRefs":{},"targetUpdateColumns":[],"runtimeAttrs":{},"isRESTModernSource":true,"isFileList":false,"handleSpecialChars":false,"frsAsset":false,"dynamicFileName":false,"currentlyProcessedFileName":false,"tgtObjectAttributes":{},"runtimeParameterData":{"@type":"mtTaskRuntimeParameterData","isConnectionRuntimeParameter":false,"isObjectRuntimeParameter":false},"overriddenFields":[]}],"sequences":[],"inOutParameters":[{"@type":"mtTaskInOutParameter","id":"-1","name":"RunDate","description":"","initialValue":"1970-01-01 00:00:00","datatype":"STRING","precision":"30","scale":"0","retentionPolicy":"ON_SUCCESS","aggregationType":"MAX","currentValue":"2021-04-14 07:33:44"}],"connRuntimeAttrs":[]}]