[{"@type":"mappingTemplate","id":"@1","name":"m_Netsuite_Item_Subsidiary_Map_Extract","description":"","bundleVersion":"0","templateId":"@3","deployTime":1618399440000,"hasParameters":false,"valid":true,"fixedConnection":true,"hasParametersDeployed":false,"fixedConnectionDeployed":true,"tasks":1,"mappingPreviewFileRecordId":"@2","documentType":"","references":[{"@type":"reference","refObjectId":"@hkYtknnAd2EcQ58EbFM0on","refType":"connection"},{"@type":"reference","refObjectId":"@62tpJtSLadUk9suzUzgjwc","refType":"connection"}]}]