[{"@type":"mtTask","id":"@1","name":"mct_stg_invoice_Extract","description":"","runtimeEnvironmentId":"@3VSUPGMTYZubFP5msPS3IN","maxLogs":10,"verbose":false,"lastRunTime":1622124745000,"mappingId":"@lHyGeAps9StjNmmwtZsgss","shortDescription":"","sessionPropertiesList":[],"enableCrossSchemaPushdown":true,"enableParallelRun":false,"autoTunedApplied":false,"autoTunedAppliedType":"NONE","parameterFileName":"db_name.param","parameterFileDir":"C:\\Program Files\\Informatica Cloud Secure Agent\\apps\\Data_Integration_Server\\data\\userparameters","paramFileType":"PARAM_FILE_LOCAL","schemaMode":"async","parameterFileEncoding":"UTF-8","serverlessProperties":{},"taskProperties":[{"@type":"taskProperty","name":"parameterFileDir","currentValue":"C:\\Program Files\\Informatica Cloud Secure Agent\\apps\\Data_Integration_Server\\data\\userparameters","type":"STRING","label":"label.parameterFileDir","required":false},{"@type":"taskProperty","name":"parameterFileName","currentValue":"db_name.param","type":"STRING","label":"label.parameterFileName","required":false}],"parameters":[{"@type":"mtTaskParameter","id":268225507,"name":"$Source$","type":"SOURCE","label":"Source","uiProperties":{"connectionParameterized":"false","objectParameterized":"false","visible":"false"},"sourceConnectionId":"@hkYtknnAd2EcQ58EbFM0on","sourceObject":"DUMMY_Source","newFlatFile":false,"newObject":false,"showBusinessNames":false,"naturalOrder":true,"truncateTarget":false,"bulkApiDBTarget":false,"customFuncCfg":{"@type":"customFuncConfig","id":-1,"connections":[],"inputMap":[],"outputFields":[]},"tgtFieldRefs":{},"targetUpdateColumns":[],"runtimeAttrs":{},"isRESTModernSource":true,"customQuery":"SELECT \n  TL.TRANSACTION_LINE_ID,\n  TL.MEMO AS TRANSACTION_MEMO,\n  CASE WHEN TL.AMOUNT = (TL.AMOUNT) THEN  TL.AMOUNT* -1  END AS AMOUNT,\n  TL.RECEIVEBYDATE AS RECEIVE_DATE,\n  TL.AMOUNT_PENDING AS PENDING_AMOUNT,\n  TL.AMOUNT_SETTLEMENT AS SETTLEMENT_AMOUNT,\n  TL.NON_POSTING_LINE = 'YES' AS IS_TRANSACTION_NON_POSTING,\n  T.TRANSACTION_ID,\n  T.TRANID,\n  T.STATUS AS TRANSACTION_STATUS,\n  T.TRANDATE AS TRANSACTION_DATE,\n  T.DUE_DATE AS TRANSACTION_DUE_DATE,\n  T.TRANSACTION_TYPE AS TRANSACTION_TYPE,\n  T.TRANSACTION_ID||'~'||TL.TRANSACTION_LINE_ID as DW_KEY_ID,\n  ACCTPE.ENDING AS ACCOUNTING_PERIOD_ENDING,\n  ACCTPE.FULL_NAME AS ACCOUNTING_PERIOD_FULL_NAME,\n  ACCTPE.NAME AS ACCOUNTING_PERIOD_NAME,\n  ACCTPE.CLOSED = 'YES' AS IS_ACCOUNTING_PERIOD_CLOSED,\n  ACCTPE.ACCOUNTING_PERIOD_ID,\n  ACCT.ACCOUNT_ID,\n  ACCT.NAME AS ACCOUNT_NAME,\n  ACCT.TYPE_NAME AS ACCOUNT_TYPE_NAME,\n  ACCT.ACCOUNTNUMBER AS ACCOUNT_NUMBER,\n  CUST.COMPANYNAME AS CUSTOMER_COMPANY_NAME,\n  CUST.CITY AS CUSTOMER_CITY,\n  CUST.FULL_NAME AS CUSTOMER_NAME,\n  CUST.STATE AS CUSTOMER_STATE,\n  CUST.ZIPCODE AS CUSTOMER_ZIPCODE,\n  CUST.COUNTRY AS CUSTOMER_COUNTRY,\n  CUST.DATE_FIRST_ORDER AS CUSTOMER_DATE_FIRST_ORDER,\n  CUST.CUSTOMER_ID,\n  CURR.CURRENCY_ID,\n  ITEM.NAME AS ITEM_NAME,\n  ITEM.TYPE_NAME AS ITEM_TYPE_NAME,\n  ITEM.SALESDESCRIPTION AS ITEM_SALES_DESCRIPTION,\n  ITEM.ITEM_ID,\n  VENDOR.COMPANYNAME AS VENDOR_NAME,\n  VENDOR.CREATE_DATE AS VENDOR_CREATE_DATE,\n  VENDOR.VENDOR_ID,\n  VENDOR.OPENBALANCE ,\n  VENDOR.OPENBALANCE_FOREIGN ,\n  CURR.NAME AS CURRENCY_NAME,\n  CURR.SYMBOL AS CURRENCY_SYMBOL,\n  DEPT.NAME AS DEPARTMENT_NAME,\n  DEPT.DEPARTMENT_ID,\n  SUB.NAME AS SUBSIDIARY_NAME,\n  SUB.SUBSIDIARY_ID,\n  INV.INTERNALID AS INV_ID,\n  INV.AMOUNTPAID AS INV_PAID_AMOUNT,\n  INV.AMOUNTREMAINING AS OUTSTANDING_AMOUNT,\n  INV.DATECREATED AS INV_CREATED_DATE,\n  INV.DISCOUNTAMOUNT AS DISCOUNT_AMOUNT,\n  INV.DISCOUNTRATE AS DISCOUNT_RATE,\n  INV.DUEDATE AS DUE_DATE,\n  INV.IS_TAX_ABLE AS IS_TAXABLE,\n  INV.RECURRINGBILL AS RECURRINGBILL,\n  INV.STATUS AS INV_STATUS,\n  INV.ALTSHIPPINGCOST AS INV_SHIPPING_COST,\n  INV.BILLINGADDRESS_STATE AS INV_STATE,\n  INV.ESTGROSSPROFIT AS INV_GROSS_PROFIT,\n  INV.ESTGROSSPROFITPERCENT AS INV_GROSS_PROFIT_PERCENT,\n  INV.POSTINGPERIOD_INTERNALID AS POSTING_PERIOD,\n  INV.REVENUESTATUS AS INV_REVENUE_STATUS,\n  INV.RECOGNIZEDREVENUE AS INV_RECOGNIZED_REVENUE,\n  INV.EXCHANGERATE AS INV_EXCHANGE_RATE,\n  INV.SUBTOTAL AS INV_SUBTOTAL,\n  INV.TAXRATE AS INV_TAX_RATE,\n  INV.TAXTOTAL AS INV_TAX_TOTAL,\n  INV.TOTAL AS INV_TOTAL_AMOUNT,\n  INV.ISTAXABLE AS INV_ISTAXABLE,\n  INV.EMAIL AS INV_EMAIL,\n  INV.TRANDATE AS TRANDATE,\n  INV.TRANID AS INV_TRANID\n  \nFROM\n\"INFOFISCUS_SUMO_LANDING\".\"FINANCE\".\"TRANSACTIONS\" T \nINNER JOIN \"INFOFISCUS_SUMO_LANDING\".\"FINANCE\".\"TRANSACTION_LINES\" TL ON T.TRANSACTION_ID=TL.TRANSACTION_ID\nLEFT JOIN \"INFOFISCUS_SUMO_LANDING\".\"FINANCE\".\"INVOICE\" INV ON TL.TRANSACTION_ID=INV.INTERNALID\nLEFT JOIN \"INFOFISCUS_SUMO_LANDING\".\"FINANCE\".\"ACCOUNTS\" ACCT ON TL.ACCOUNT_ID=ACCT.ACCOUNT_ID\nLEFT JOIN \"INFOFISCUS_SUMO_LANDING\".\"FINANCE\".\"ACCOUNTINGPERIODS\" ACCTPE ON T.ACCOUNTING_PERIOD_ID=ACCTPE.ACCOUNTING_PERIOD_ID\nLEFT JOIN \"INFOFISCUS_SUMO_LANDING\".\"FINANCE\".\"CUSTOMERS\" CUST ON TL.COMPANY_ID=CUST.CUSTOMER_ID\nLEFT JOIN \"INFOFISCUS_SUMO_LANDING\".\"FINANCE\".\"ITEMS\" ITEM ON TL.ITEM_ID=ITEM.ITEM_ID\nLEFT JOIN \"INFOFISCUS_SUMO_LANDING\".\"FINANCE\".\"VENDORS\" VENDOR ON TL.COMPANY_ID=VENDOR.VENDOR_ID\nLEFT JOIN \"INFOFISCUS_SUMO_LANDING\".\"FINANCE\".\"CURRENCIES\" CURR ON T.CURRENCY_ID=CURR.CURRENCY_ID\nLEFT JOIN \"INFOFISCUS_SUMO_LANDING\".\"FINANCE\".\"SUBSIDIARIES\" SUB ON TL.TRANSACTION_ID=SUB.SUBSIDIARY_ID\nLEFT JOIN \"INFOFISCUS_SUMO_LANDING\".\"FINANCE\".\"DEPARTMENTS\" DEPT ON TL.DEPARTMENT_ID=DEPT.DEPARTMENT_ID\nWHERE \nT.TRANSACTION_TYPE ='Invoice' \nAND \nTL.AMOUNT IS NOT NULL\nAND \nTL.TRANSACTION_LINE_ID <> 0\nAND\nT.DATE_LAST_MODIFIED >= '$$RunDate';","isFileList":false,"handleSpecialChars":false,"frsAsset":false,"dynamicFileName":false,"currentlyProcessedFileName":false,"tgtObjectAttributes":{},"runtimeParameterData":{"@type":"mtTaskRuntimeParameterData","isConnectionRuntimeParameter":false,"isObjectRuntimeParameter":false},"overriddenFields":[]},{"@type":"mtTaskParameter","id":268225510,"name":"$Target$","type":"TARGET","label":"Target","uiProperties":{"connectionParameterized":"false","objectParameterized":"false","visible":"false","defaultTargetUpdateColumns":""},"targetConnectionId":"@9q4lQ5HjcpNg8lXOsm21eb","targetObject":"INFOFISCUS_SUMO_STAGING/FINANCE/STG_GL_INVOICE","targetObjectLabel":"STG_GL_INVOICE","newFlatFile":false,"newObject":false,"showBusinessNames":false,"naturalOrder":true,"truncateTarget":false,"bulkApiDBTarget":false,"operationType":"Insert","customFuncCfg":{"@type":"customFuncConfig","id":-1,"connections":[],"inputMap":[],"outputFields":[]},"tgtFieldRefs":{},"targetUpdateColumns":[],"extendedObject":{"@type":"extendedObject","filters":[],"sortFields":[]},"runtimeAttrs":{},"isRESTModernSource":true,"isFileList":false,"handleSpecialChars":false,"frsAsset":false,"dynamicFileName":false,"currentlyProcessedFileName":false,"tgtObjectAttributes":{},"runtimeParameterData":{"@type":"mtTaskRuntimeParameterData","isConnectionRuntimeParameter":false,"isObjectRuntimeParameter":false},"overriddenFields":[]}],"sequences":[],"inOutParameters":[{"@type":"mtTaskInOutParameter","id":"-1","name":"RunDate","description":"","initialValue":"1970-01-01 00:00:00.000","datatype":"STRING","precision":"30","scale":"0","retentionPolicy":"ON_SUCCESS_OR_WARNING","aggregationType":"MAX","currentValue":"2021-05-10 09:45:32.579"}],"connRuntimeAttrs":[]}]