[{"@type":"mappingTemplate","id":"@1","name":"m_FactGLJournals_FactLoad","description":"","bundleVersion":"0","templateId":"@3","deployTime":1618490982000,"hasParameters":false,"valid":true,"fixedConnection":true,"hasParametersDeployed":false,"fixedConnectionDeployed":true,"tasks":1,"mappingPreviewFileRecordId":"@2","documentType":"","references":[{"@type":"reference","refObjectId":"@hkYtknnAd2EcQ58EbFM0on","refType":"connection"},{"@type":"reference","refObjectId":"@9q4lQ5HjcpNg8lXOsm21eb","refType":"connection"}]}]