[{"@type":"mappingTemplate","id":"@1","name":"m_audit_log_table","description":"","bundleVersion":"0","templateId":"@3","deployTime":1620118157000,"hasParameters":false,"valid":true,"fixedConnection":true,"hasParametersDeployed":false,"fixedConnectionDeployed":true,"tasks":1,"mappingPreviewFileRecordId":"@2","documentType":"MAPPING","references":[{"@type":"reference","refObjectId":"@hkYtknnAd2EcQ58EbFM0on","refType":"connection"},{"@type":"reference","refObjectId":"@7lEWdpXwTsweSGJaRjMf88","refType":"businessService"}]}]