[{"@type":"mtTask","id":"@1","name":"mct_Netsuite_Accounts_Extract","description":"","runtimeEnvironmentId":"@3VSUPGMTYZubFP5msPS3IN","maxLogs":10,"verbose":false,"lastRunTime":1618471859000,"mappingId":"@9CLIC76BNqhhJcOVkwsfq4","shortDescription":"","sessionPropertiesList":[],"enableCrossSchemaPushdown":true,"enableParallelRun":false,"autoTunedApplied":false,"autoTunedAppliedType":"NONE","parameterFileName":"db_name.param","parameterFileDir":"C:\\Program Files\\Informatica Cloud Secure Agent\\apps\\Data_Integration_Server\\data\\userparameters","paramFileType":"PARAM_FILE_LOCAL","schemaMode":"async","parameterFileEncoding":"UTF-8","serverlessProperties":{},"taskProperties":[{"@type":"taskProperty","name":"parameterFileDir","currentValue":"C:\\Program Files\\Informatica Cloud Secure Agent\\apps\\Data_Integration_Server\\data\\userparameters","type":"STRING","label":"label.parameterFileDir","required":false},{"@type":"taskProperty","name":"parameterFileName","currentValue":"db_name.param","type":"STRING","label":"label.parameterFileName","required":false}],"parameters":[{"@type":"mtTaskParameter","id":247449223,"name":"$Src_NetSuite$","type":"EXTENDED_SOURCE","label":"Src_NetSuite","uiProperties":{"connectionParameterized":"false","isMsrcFilterParameterized":"false","isMsrcSortParameterized":"false","objlabel":"SRC_OBJECT","objectParameterized":"true","objDesc":""},"sourceConnectionId":"@62tpJtSLadUk9suzUzgjwc","newFlatFile":false,"newObject":false,"showBusinessNames":true,"naturalOrder":true,"truncateTarget":false,"bulkApiDBTarget":false,"customFuncCfg":{"@type":"customFuncConfig","id":-1,"connections":[],"inputMap":[],"outputFields":[]},"tgtFieldRefs":{},"targetUpdateColumns":[],"extendedObject":{"@type":"extendedObject","object":{"@type":"mObject","name":"ACCOUNTS","label":"ACCOUNTS","metadataUpdated":false,"relations":[],"children":[]},"filters":[],"sortFields":[]},"runtimeAttrs":{},"isRESTModernSource":true,"isFileList":false,"handleSpecialChars":false,"frsAsset":false,"dynamicFileName":false,"currentlyProcessedFileName":false,"tgtObjectAttributes":{},"runtimeParameterData":{"@type":"mtTaskRuntimeParameterData","isConnectionRuntimeParameter":false,"isObjectRuntimeParameter":false,"objectParameterName":"SRC_OBJECT"},"overriddenFields":[]},{"@type":"mtTaskParameter","id":247449226,"name":"$Tgt_Snf$","type":"TARGET","label":"Tgt_Snf","uiProperties":{"connectionParameterized":"false","objlabel":"TGT_OBJECT","objectParameterized":"true","objDesc":"","defaultTargetUpdateColumns":"","fieldMappingParameterized":"true"},"targetConnectionId":"@hkYtknnAd2EcQ58EbFM0on","targetObject":"INFOFISCUS_SUMO_LANDING/SUPPLYCHAIN/ACCOUNTS","targetObjectLabel":"ACCOUNTS","newFlatFile":false,"newObject":false,"showBusinessNames":true,"naturalOrder":true,"truncateTarget":false,"bulkApiDBTarget":false,"operationType":"Upsert","customFuncCfg":{"@type":"customFuncConfig","id":-1,"connections":[],"inputMap":[],"outputFields":[]},"tgtFieldRefs":{},"targetUpdateColumns":["ACCOUNT_ID"],"extendedObject":{"@type":"extendedObject","filters":[],"sortFields":[]},"runtimeAttrs":{},"isRESTModernSource":true,"isFileList":false,"handleSpecialChars":false,"frsAsset":false,"dynamicFileName":false,"currentlyProcessedFileName":false,"tgtObjectAttributes":{},"runtimeParameterData":{"@type":"mtTaskRuntimeParameterData","isConnectionRuntimeParameter":false,"isObjectRuntimeParameter":false,"objectParameterName":"TGT_OBJECT"},"overriddenFields":[]},{"@type":"mtTaskParameter","id":247449229,"name":"$P_FIELD_MAP$","type":"STRING","text":"string (255, 0) ACCOUNTNUMBER=ACCOUNTNUMBER;string (255, 0) ACCOUNT_EXTID=ACCOUNT_EXTID;string (20, 0) ACCOUNT_ID=ACCOUNT_ID;string (255, 0) CASHFLOW_RATE_TYPE=CASHFLOW_RATE_TYPE;string (255, 0) CATEGORY_1099_MISC=CATEGORY_1099_MISC;string (38, 10) CATEGORY_1099_MISC_MTHRESHOLD=CATEGORY_1099_MISC_MTHRESHOLD;string (20, 0) CLASS_ID=CLASS_ID;string (20, 0) CURRENCY_ID=CURRENCY_ID;string (38, 9) DATE_LAST_MODIFIED=DATE_LAST_MODIFIED;string (20, 0) DEFERRAL_ACCOUNT_ID=DEFERRAL_ACCOUNT_ID;string (20, 0) DEPARTMENT_ID=DEPARTMENT_ID;string (255, 0) DESCRIPTION=DESCRIPTION;string (255, 0) FULL_DESCRIPTION=FULL_DESCRIPTION;string (1791, 0) FULL_NAME=FULL_NAME;string (255, 0) GENERAL_RATE_TYPE=GENERAL_RATE_TYPE;string (255, 0) ISINACTIVE=ISINACTIVE;string (255, 0) IS_BALANCESHEET=IS_BALANCESHEET;string (255, 0) IS_INCLUDED_IN_ELIMINATION=IS_INCLUDED_IN_ELIMINATION;string (255, 0) IS_INCLUDED_IN_REVAL=IS_INCLUDED_IN_REVAL;string (255, 0) IS_INCLUDING_CHILD_SUBS=IS_INCLUDING_CHILD_SUBS;string (255, 0) IS_LEFTSIDE=IS_LEFTSIDE;string (255, 0) IS_SUMMARY=IS_SUMMARY;string (400, 0) LEGAL_NAME=LEGAL_NAME;string (20, 0) LOCATION_ID=LOCATION_ID;string (255, 0) NAME=NAME;string (38, 10) OPENBALANCE=OPENBALANCE;string (20, 0) PARENT_ID=PARENT_ID;string (255, 0) TYPE_NAME=TYPE_NAME;string (38, 10) TYPE_SEQUENCE=TYPE_SEQUENCE;","label":"P_FIELD_MAP","description":"","uiProperties":{"paramtype":"Fieldmap","supressFieldmappingSuffix":"true","lefttitle":"Incoming Fields","righttitle":"Target Fields"},"newFlatFile":false,"newObject":false,"showBusinessNames":true,"naturalOrder":true,"truncateTarget":false,"bulkApiDBTarget":false,"customFuncCfg":{"@type":"customFuncConfig","id":-1,"connections":[],"inputMap":[],"outputFields":[]},"tgtFieldRefs":{},"targetUpdateColumns":[],"runtimeAttrs":{},"isRESTModernSource":true,"isFileList":false,"handleSpecialChars":false,"frsAsset":false,"dynamicFileName":false,"currentlyProcessedFileName":false,"tgtObjectAttributes":{},"runtimeParameterData":{"@type":"mtTaskRuntimeParameterData","isConnectionRuntimeParameter":false,"isObjectRuntimeParameter":false},"overriddenFields":[]}],"sequences":[],"inOutParameters":[{"@type":"mtTaskInOutParameter","id":"-1","name":"RunDate","description":"","initialValue":"1970-01-01 00:00:00","datatype":"STRING","precision":"30","scale":"0","retentionPolicy":"ON_SUCCESS","aggregationType":"MAX","currentValue":"2021-04-14 07:33:45"}],"connRuntimeAttrs":[]}]