[{"@type":"mtTask","id":"@1","name":"mct_Netsuite_Transaction_Lines_Extract","description":"","runtimeEnvironmentId":"@3VSUPGMTYZubFP5msPS3IN","maxLogs":10,"verbose":false,"lastRunTime":1618471859000,"mappingId":"@evEl4mH9ZwxiFOuvMiYrAy","shortDescription":"","sessionPropertiesList":[],"enableCrossSchemaPushdown":true,"enableParallelRun":false,"autoTunedApplied":false,"autoTunedAppliedType":"NONE","parameterFileName":"db_name.param","parameterFileDir":"C:\\Program Files\\Informatica Cloud Secure Agent\\apps\\Data_Integration_Server\\data\\userparameters","paramFileType":"PARAM_FILE_LOCAL","schemaMode":"async","parameterFileEncoding":"UTF-8","serverlessProperties":{},"taskProperties":[{"@type":"taskProperty","name":"parameterFileDir","currentValue":"C:\\Program Files\\Informatica Cloud Secure Agent\\apps\\Data_Integration_Server\\data\\userparameters","type":"STRING","label":"label.parameterFileDir","required":false},{"@type":"taskProperty","name":"parameterFileName","currentValue":"db_name.param","type":"STRING","label":"label.parameterFileName","required":false}],"parameters":[{"@type":"mtTaskParameter","id":247451746,"name":"$Src_NetSuite$","type":"EXTENDED_SOURCE","label":"Src_NetSuite","uiProperties":{"connectionParameterized":"false","isMsrcFilterParameterized":"false","isMsrcSortParameterized":"false","objlabel":"SRC_OBJECT","objectParameterized":"true","objDesc":""},"sourceConnectionId":"@62tpJtSLadUk9suzUzgjwc","newFlatFile":false,"newObject":false,"showBusinessNames":true,"naturalOrder":true,"truncateTarget":false,"bulkApiDBTarget":false,"customFuncCfg":{"@type":"customFuncConfig","id":-1,"connections":[],"inputMap":[],"outputFields":[]},"tgtFieldRefs":{},"targetUpdateColumns":[],"extendedObject":{"@type":"extendedObject","object":{"@type":"mObject","name":"TRANSACTION_LINES","label":"TRANSACTION_LINES","metadataUpdated":false,"relations":[],"children":[]},"advancedFilterExpression":"DATE_CREATED >= '$$RunDate' \nOR\nDATE_CREATED IS NULL\nOR\nDATE_LAST_MODIFIED >= '$$RunDate'\nOR\nDATE_LAST_MODIFIED IS NULL","filters":[],"sortFields":[]},"runtimeAttrs":{},"isRESTModernSource":true,"isFileList":false,"handleSpecialChars":false,"frsAsset":false,"dynamicFileName":false,"currentlyProcessedFileName":false,"tgtObjectAttributes":{},"runtimeParameterData":{"@type":"mtTaskRuntimeParameterData","isConnectionRuntimeParameter":false,"isObjectRuntimeParameter":false,"objectParameterName":"SRC_OBJECT"},"overriddenFields":[]},{"@type":"mtTaskParameter","id":247451749,"name":"$Tgt_Snf$","type":"TARGET","label":"Tgt_Snf","uiProperties":{"connectionParameterized":"false","objlabel":"TGT_OBJECT","objectParameterized":"true","objDesc":"","defaultTargetUpdateColumns":"","fieldMappingParameterized":"true"},"targetConnectionId":"@hkYtknnAd2EcQ58EbFM0on","targetObject":"INFOFISCUS_SUMO_LANDING/SUPPLYCHAIN/TRANSACTION_LINES","targetObjectLabel":"TRANSACTION_LINES","newFlatFile":false,"newObject":false,"showBusinessNames":true,"naturalOrder":true,"truncateTarget":false,"bulkApiDBTarget":false,"operationType":"Upsert","customFuncCfg":{"@type":"customFuncConfig","id":-1,"connections":[],"inputMap":[],"outputFields":[]},"tgtFieldRefs":{},"targetUpdateColumns":["TRANSACTION_ID","TRANSACTION_LINE_ID"],"extendedObject":{"@type":"extendedObject","filters":[],"sortFields":[]},"runtimeAttrs":{},"isRESTModernSource":true,"isFileList":false,"handleSpecialChars":false,"frsAsset":false,"dynamicFileName":false,"currentlyProcessedFileName":false,"tgtObjectAttributes":{},"runtimeParameterData":{"@type":"mtTaskRuntimeParameterData","isConnectionRuntimeParameter":false,"isObjectRuntimeParameter":false,"objectParameterName":"TGT_OBJECT"},"overriddenFields":[]},{"@type":"mtTaskParameter","id":247451752,"name":"$P_FIELD_MAP$","type":"STRING","text":"string (20, 0) ACCOUNT_ID=ACCOUNT_ID;string (38, 5) ALT_SALES_AMOUNT=ALT_SALES_AMOUNT;string (42, 0) AMORTIZATION_RESIDUAL=AMORTIZATION_RESIDUAL;string (38, 5) AMOUNT=AMOUNT;string (38, 5) AMOUNT_FOREIGN=AMOUNT_FOREIGN;string (38, 5) AMOUNT_FOREIGN_LINKED=AMOUNT_FOREIGN_LINKED;string (38, 5) AMOUNT_LINKED=AMOUNT_LINKED;string (38, 5) AMOUNT_PENDING=AMOUNT_PENDING;string (38, 5) AMOUNT_SETTLEMENT=AMOUNT_SETTLEMENT;string (38, 5) AMOUNT_TAXABLE=AMOUNT_TAXABLE;string (38, 5) AMOUNT_TAXED=AMOUNT_TAXED;string (50, 0) BILL_VARIANCE_STATUS=BILL_VARIANCE_STATUS;string (38, 5) BOM_QUANTITY=BOM_QUANTITY;string (20, 0) CATCH_UP_PERIOD_ID=CATCH_UP_PERIOD_ID;string (38, 5) CHARGE_TYPE=CHARGE_TYPE;string (1, 0) CHECK_INVENTORY=CHECK_INVENTORY;string (20, 0) CLASS_ID=CLASS_ID;string (20, 0) COMPANY_ID=COMPANY_ID;string (20, 0) COMPONENT_ID=COMPONENT_ID;string (38, 5) COMPONENT_YIELD=COMPONENT_YIELD;string (200, 0) COST_ESTIMATE_TYPE=COST_ESTIMATE_TYPE;string (38, 9) DATE_CLEARED=DATE_CLEARED;string (38, 9) DATE_CLOSED=DATE_CLOSED;string (38, 9) DATE_LAST_MODIFIED=DATE_LAST_MODIFIED;string (38, 9) DATE_LAST_MODIFIED_GMT=DATE_LAST_MODIFIED_GMT;string (38, 9) DATE_REVENUE_COMMITTED=DATE_REVENUE_COMMITTED;string (3, 0) DELAY_REV_REC=DELAY_REV_REC;string (20, 0) DEPARTMENT_ID=DEPARTMENT_ID;string (3, 0) DO_NOT_DISPLAY_LINE=DO_NOT_DISPLAY_LINE;string (3, 0) DO_NOT_PRINT_LINE=DO_NOT_PRINT_LINE;string (3, 0) DO_RESTOCK=DO_RESTOCK;string (38, 5) ESTIMATED_COST=ESTIMATED_COST;string (38, 5) ESTIMATED_COST_FOREIGN=ESTIMATED_COST_FOREIGN;string (38, 5) EST__COST=EST__COST;string (4000, 0) EST__GP_=EST__GP_;string (38, 9) EXPECTED_RECEIPT_DATE=EXPECTED_RECEIPT_DATE;string (20, 0) EXPENSE_CATEGORY_ID=EXPENSE_CATEGORY_ID;string (20, 0) FACEPLATE_COLORS_ID=FACEPLATE_COLORS_ID;string (20, 0) FINISH_ID=FINISH_ID;string (80, 0) GL_NUMBER=GL_NUMBER;string (31, 0) GL_SEQUENCE=GL_SEQUENCE;string (20, 0) GL_SEQUENCE_ID=GL_SEQUENCE_ID;string (38, 5) GROSS_AMOUNT=GROSS_AMOUNT;string (20, 0) HAND_ID=HAND_ID;string (20, 0) HARDWARE_ID=HARDWARE_ID;string (3, 0) HAS_COST_LINE=HAS_COST_LINE;string (3, 0) ISBILLABLE=ISBILLABLE;string (3, 0) ISCLEARED=ISCLEARED;string (3, 0) ISNONREIMBURSABLE=ISNONREIMBURSABLE;string (3, 0) ISTAXABLE=ISTAXABLE;string (1, 0) IS_ALLOCATION=IS_ALLOCATION;string (3, 0) IS_AMORTIZATION_REV_REC=IS_AMORTIZATION_REV_REC;string (3, 0) IS_COMMITMENT_CONFIRMED=IS_COMMITMENT_CONFIRMED;string (3, 0) IS_COST_LINE=IS_COST_LINE;string (3, 0) IS_EXCLUDE_FROM_RATE_REQUEST=IS_EXCLUDE_FROM_RATE_REQUEST;string (3, 0) IS_FX_VARIANCE=IS_FX_VARIANCE;string (3, 0) IS_ITEM_VALUE_ADJUSTMENT=IS_ITEM_VALUE_ADJUSTMENT;string (3, 0) IS_LANDED_COST=IS_LANDED_COST;string (3, 0) IS_SCRAP=IS_SCRAP;string (3, 0) IS_VSOE_ALLOCATION_LINE=IS_VSOE_ALLOCATION_LINE;string (38, 5) ITEM_COUNT=ITEM_COUNT;string (20, 0) ITEM_ID=ITEM_ID;string (3, 0) ITEM_RECEIVED=ITEM_RECEIVED;string (30, 0) ITEM_SOURCE=ITEM_SOURCE;string (42, 0) ITEM_UNIT_PRICE=ITEM_UNIT_PRICE;string (38, 5) KIT_PART_NUMBER=KIT_PART_NUMBER;string (20, 0) LANDED_COST_SOURCE_LINE_ID=LANDED_COST_SOURCE_LINE_ID;string (20, 0) LOCATION_ID=LOCATION_ID;string (38, 5) LOGO=LOGO;string (1, 0) MATCH_BILL_TO_RECEIPT=MATCH_BILL_TO_RECEIPT;string (4000, 0) MEMO=MEMO;string (3, 0) NEEDS_REVENUE_ELEMENT=NEEDS_REVENUE_ELEMENT;string (38, 5) NET_AMOUNT=NET_AMOUNT;string (38, 5) NET_AMOUNT_FOREIGN=NET_AMOUNT_FOREIGN;string (3, 0) NON_POSTING_LINE=NON_POSTING_LINE;string (38, 5) NUMBER_BILLED=NUMBER_BILLED;string (38, 5) OPERATION_SEQUENCE_NUMBER=OPERATION_SEQUENCE_NUMBER;string (38, 5) ORDER_PRIORITY=ORDER_PRIORITY;string (20, 0) PAYMENT_METHOD_ID=PAYMENT_METHOD_ID;string (20, 0) PAYROLL_ITEM_ID=PAYROLL_ITEM_ID;string (38, 5) PAYROLL_WAGE_BASE_AMOUNT=PAYROLL_WAGE_BASE_AMOUNT;string (38, 5) PAYROLL_YEAR_TO_DATE_AMOUNT=PAYROLL_YEAR_TO_DATE_AMOUNT;string (38, 9) PERIOD_CLOSED=PERIOD_CLOSED;string (38, 5) PFC_WO_ID=PFC_WO_ID;string (1, 0) PICTURE_FRAME=PICTURE_FRAME;string (20, 0) PICTURE_FRAME_CONFIGURATION_ID=PICTURE_FRAME_CONFIGURATION_ID;string (20, 0) PRICE_TYPE_ID=PRICE_TYPE_ID;string (20, 0) PROJECT_TASK_ID=PROJECT_TASK_ID;string (20, 0) PURCHASE_CONTRACT_ID=PURCHASE_CONTRACT_ID;string (20, 0) QUANTITY_COMMITTED=QUANTITY_COMMITTED;string (38, 5) QUANTITY_PACKED=QUANTITY_PACKED;string (38, 5) QUANTITY_PICKED=QUANTITY_PICKED;string (38, 5) QUANTITY_RECEIVED_IN_SHIPMENT=QUANTITY_RECEIVED_IN_SHIPMENT;string (38, 9) RECEIVEBYDATE=RECEIVEBYDATE;string (41, 0) REIMBURSEMENT_TYPE=REIMBURSEMENT_TYPE;string (20, 0) RELATED_ASSET_ID=RELATED_ASSET_ID;string (20, 0) RELATED_COMPANY_ID=RELATED_COMPANY_ID;string (20, 0) REVENUE_ELEMENT_ID=REVENUE_ELEMENT_ID;string (38, 9) REV_REC_END_DATE=REV_REC_END_DATE;string (20, 0) REV_REC_RULE_ID=REV_REC_RULE_ID;string (38, 9) REV_REC_START_DATE=REV_REC_START_DATE;string (20, 0) ROPE_TYPE_ID=ROPE_TYPE_ID;string (20, 0) SCHEDULE_ID=SCHEDULE_ID;string (38, 9) SHIPDATE=SHIPDATE;string (38, 9) SHIPMENT_RECEIVED=SHIPMENT_RECEIVED;string (20, 0) SIZE_ID=SIZE_ID;string (20, 0) SUBSCRIPTION_LINE_ID=SUBSCRIPTION_LINE_ID;string (20, 0) SUBSIDIARY_ID=SUBSIDIARY_ID;string (20, 0) TAX_ITEM_ID=TAX_ITEM_ID;string (64, 0) TAX_TYPE=TAX_TYPE;string (38, 5) TERM_IN_MONTHS=TERM_IN_MONTHS;string (3, 0) TOBEEMAILED=TOBEEMAILED;string (3, 0) TOBEFAXED=TOBEFAXED;string (3, 0) TOBEPRINTED=TOBEPRINTED;string (3, 0) TRANSACTION_DISCOUNT_LINE=TRANSACTION_DISCOUNT_LINE;string (20, 0) TRANSACTION_ID=TRANSACTION_ID;string (20, 0) TRANSACTION_LINE_ID=TRANSACTION_LINE_ID;string (38, 5) TRANSACTION_ORDER=TRANSACTION_ORDER;string (38, 5) TRANSFER_ORDER_ITEM_LINE=TRANSFER_ORDER_ITEM_LINE;string (25, 0) TRANSFER_ORDER_LINE_TYPE=TRANSFER_ORDER_LINE_TYPE;string (38, 5) UNIT_COST_OVERRIDE=UNIT_COST_OVERRIDE;string (38, 5) UNIT_OF_MEASURE_ID=UNIT_OF_MEASURE_ID;string (38, 5) VSOE_ALLOCATION=VSOE_ALLOCATION;string (38, 5) VSOE_AMT=VSOE_AMT;string (28, 0) VSOE_DEFERRAL=VSOE_DEFERRAL;string (3, 0) VSOE_DELIVERED=VSOE_DELIVERED;string (12, 0) VSOE_DISCOUNT=VSOE_DISCOUNT;string (38, 5) VSOE_PRICE=VSOE_PRICE;","label":"P_FIELD_MAP","description":"","uiProperties":{"paramtype":"Fieldmap","supressFieldmappingSuffix":"true","lefttitle":"Incoming Fields","righttitle":"Target Fields"},"newFlatFile":false,"newObject":false,"showBusinessNames":true,"naturalOrder":true,"truncateTarget":false,"bulkApiDBTarget":false,"customFuncCfg":{"@type":"customFuncConfig","id":-1,"connections":[],"inputMap":[],"outputFields":[]},"tgtFieldRefs":{},"targetUpdateColumns":[],"runtimeAttrs":{},"isRESTModernSource":true,"isFileList":false,"handleSpecialChars":false,"frsAsset":false,"dynamicFileName":false,"currentlyProcessedFileName":false,"tgtObjectAttributes":{},"runtimeParameterData":{"@type":"mtTaskRuntimeParameterData","isConnectionRuntimeParameter":false,"isObjectRuntimeParameter":false},"overriddenFields":[]}],"sequences":[],"inOutParameters":[{"@type":"mtTaskInOutParameter","id":"-1","name":"RunDate","description":"","initialValue":"1970-01-01 00:00:00","datatype":"STRING","precision":"30","scale":"0","retentionPolicy":"ON_SUCCESS","aggregationType":"MAX","currentValue":"2021-04-14 07:33:56"}],"connRuntimeAttrs":[]}]