[{"@type":"mappingTemplate","id":"@1","name":"m_Staging_invoice_to_dimension_invoice","description":"","bundleVersion":"0","templateId":"@3","hasParameters":false,"valid":true,"fixedConnection":true,"hasParametersDeployed":false,"fixedConnectionDeployed":false,"tasks":1,"mappingPreviewFileRecordId":"@2","documentType":"MAPPING","references":[{"@type":"reference","refObjectId":"@fdta9CpzlYLjerly5HAe81","refType":"connection"},{"@type":"reference","refObjectId":"@1B0HzCMtRPKfOZOH542pA5","refType":"connection"}]}]