[{"@type":"mtTask","id":"@1","name":"Mtt_Pricebook_Stg_Extract","description":"","runtimeEnvironmentId":"@3VSUPGMTYZubFP5msPS3IN","maxLogs":10,"verbose":false,"lastRunTime":1620641326000,"mappingId":"@0m8iNYw2m1hhrLlSg4ktih","shortDescription":"","sessionPropertiesList":[],"enableCrossSchemaPushdown":true,"enableParallelRun":false,"autoTunedApplied":false,"autoTunedAppliedType":"NONE","parameterFileName":"DB_SALES_ANALYTICS.param","parameterFileDir":"C:\\Program Files\\Informatica Cloud Secure Agent\\apps\\Data_Integration_Server\\data\\userparameters","paramFileType":"PARAM_FILE_LOCAL","schemaMode":"async","parameterFileEncoding":"UTF-8","serverlessProperties":{},"taskProperties":[{"@type":"taskProperty","name":"parameterFileDir","currentValue":"C:\\Program Files\\Informatica Cloud Secure Agent\\apps\\Data_Integration_Server\\data\\userparameters","type":"STRING","label":"label.parameterFileDir","required":false},{"@type":"taskProperty","name":"parameterFileName","currentValue":"DB_SALES_ANALYTICS.param","type":"STRING","label":"label.parameterFileName","required":false}],"parameters":[{"@type":"mtTaskParameter","id":265962826,"name":"$Src_Pricebook$","type":"EXTENDED_SOURCE","label":"Src_Pricebook","uiProperties":{"connectionParameterized":"false","isMsrcFilterParameterized":"false","isMsrcSortParameterized":"false","objectParameterized":"false","visible":"false"},"sourceConnectionId":"@8tdiexIH4lUcSGKzx0TJiE","newFlatFile":false,"newObject":false,"showBusinessNames":false,"naturalOrder":true,"truncateTarget":false,"bulkApiDBTarget":false,"customFuncCfg":{"@type":"customFuncConfig","id":-1,"connections":[],"inputMap":[],"outputFields":[]},"tgtFieldRefs":{},"targetUpdateColumns":[],"extendedObject":{"@type":"extendedObject","object":{"@type":"mObject","name":"SALES_ANALYTICS_LANDING/SALES_ANALYTICS/PRICEBOOK","label":"PRICEBOOK","metadataUpdated":false,"relations":[],"children":[]},"advancedFilterExpression":"PRICEBOOK.CREATEDDATE>='$$Last_Run_DateTime' or PRICEBOOK.LASTMODIFIEDDATE>='$$Last_Run_DateTime'","filters":[],"sortFields":[]},"runtimeAttrs":{},"isRESTModernSource":true,"isFileList":false,"handleSpecialChars":false,"frsAsset":false,"dynamicFileName":false,"currentlyProcessedFileName":false,"tgtObjectAttributes":{},"runtimeParameterData":{"@type":"mtTaskRuntimeParameterData","isConnectionRuntimeParameter":false,"isObjectRuntimeParameter":false},"overriddenFields":[]},{"@type":"mtTaskParameter","id":265962829,"name":"$Tgt_Pricebook$","type":"TARGET","label":"Tgt_Pricebook","uiProperties":{"connectionParameterized":"false","objectParameterized":"false","visible":"false","defaultTargetUpdateColumns":""},"targetConnectionId":"@8tdiexIH4lUcSGKzx0TJiE","targetObject":"SALES_ANALYTICS_STAGING/SALES_ANALYTICS/STG_PRICEBOOK","targetObjectLabel":"STG_PRICEBOOK","newFlatFile":false,"newObject":false,"showBusinessNames":false,"naturalOrder":true,"truncateTarget":false,"bulkApiDBTarget":false,"operationType":"Insert","customFuncCfg":{"@type":"customFuncConfig","id":-1,"connections":[],"inputMap":[],"outputFields":[]},"tgtFieldRefs":{},"targetUpdateColumns":[],"extendedObject":{"@type":"extendedObject","filters":[],"sortFields":[]},"runtimeAttrs":{},"isRESTModernSource":true,"isFileList":false,"handleSpecialChars":false,"frsAsset":false,"dynamicFileName":false,"currentlyProcessedFileName":false,"tgtObjectAttributes":{},"runtimeParameterData":{"@type":"mtTaskRuntimeParameterData","isConnectionRuntimeParameter":false,"isObjectRuntimeParameter":false},"overriddenFields":[]}],"sequences":[],"inOutParameters":[{"@type":"mtTaskInOutParameter","id":"-1","name":"Last_Run_DateTime","description":"","initialValue":"1990-01-01T01:46:26.237Z","datatype":"STRING","precision":"30","scale":"0","retentionPolicy":"ON_SUCCESS","aggregationType":"MAX","currentValue":"2021-05-04T13:33:40.201Z"}],"connRuntimeAttrs":[]}]