[{"@type":"mappingTemplate","id":"@1","name":"m_Dim_Accountcategories_DimLoad","description":"","bundleVersion":"0","templateId":"@3","deployTime":1617951864000,"hasParameters":false,"valid":true,"fixedConnection":true,"hasParametersDeployed":false,"fixedConnectionDeployed":true,"tasks":1,"mappingPreviewFileRecordId":"@2","documentType":"","references":[{"@type":"reference","refObjectId":"@110b2UISTrKbdfmXn69EcF","refType":"connection"},{"@type":"reference","refObjectId":"@hkYtknnAd2EcQ58EbFM0on","refType":"connection"}]}]