[{"@type":"mappingTemplate","id":"@1","name":"m_SF_PRICEBOOK_EXTRACT","description":"","bundleVersion":"0","templateId":"@3","deployTime":1620373402000,"hasParameters":false,"valid":true,"fixedConnection":true,"hasParametersDeployed":false,"fixedConnectionDeployed":true,"tasks":1,"mappingPreviewFileRecordId":"@2","documentType":"MAPPING","references":[{"@type":"reference","refObjectId":"@8tdiexIH4lUcSGKzx0TJiE","refType":"connection"},{"@type":"reference","refObjectId":"@adqt0IVv5W6dy2VCWO3WuA","refType":"connection"}]}]