[{"@type":"mappingTemplate","id":"@1","name":"m_Stg_Vendor_Dim_Vendor","description":"","bundleVersion":"0","templateId":"@3","hasParameters":false,"valid":true,"fixedConnection":true,"hasParametersDeployed":false,"fixedConnectionDeployed":false,"tasks":2,"mappingPreviewFileRecordId":"@2","documentType":"MAPPING","references":[{"@type":"reference","refObjectId":"@axGRGMY925xl9pxQzIt1iS","refType":"connection"},{"@type":"reference","refObjectId":"@2s2USPI5GiMhmpIgqd2GwK","refType":"connection"}]}]