[{"@type":"mtTask","id":"@1","name":"mct_trail_balance_load","description":"","runtimeEnvironmentId":"@3VSUPGMTYZubFP5msPS3IN","maxLogs":10,"verbose":false,"mappingId":"@j4zxO3027YPh6wY6rYWOWN","shortDescription":"","sessionPropertiesList":[],"enableCrossSchemaPushdown":true,"enableParallelRun":false,"autoTunedApplied":false,"autoTunedAppliedType":"NONE","parameterFileName":"db_name.param","parameterFileDir":"C:\\Program Files\\Informatica Cloud Secure Agent\\apps\\Data_Integration_Server\\data\\userparameters","paramFileType":"PARAM_FILE_LOCAL","schemaMode":"async","parameterFileEncoding":"UTF-8","serverlessProperties":{},"taskProperties":[{"@type":"taskProperty","name":"parameterFileDir","currentValue":"C:\\Program Files\\Informatica Cloud Secure Agent\\apps\\Data_Integration_Server\\data\\userparameters","type":"STRING","label":"label.parameterFileDir","required":false},{"@type":"taskProperty","name":"parameterFileName","currentValue":"db_name.param","type":"STRING","label":"label.parameterFileName","required":false}],"parameters":[{"@type":"mtTaskParameter","id":242680102,"name":"$Src_trial_Balance$","type":"SOURCE","label":"Src_trial_Balance","uiProperties":{"connectionParameterized":"false","objectParameterized":"false","visible":"false"},"sourceConnectionId":"@hkYtknnAd2EcQ58EbFM0on","sourceObject":"DUMMY_Src_trial_Balance","newFlatFile":false,"newObject":false,"showBusinessNames":false,"naturalOrder":true,"truncateTarget":false,"bulkApiDBTarget":false,"customFuncCfg":{"@type":"customFuncConfig","id":-1,"connections":[],"inputMap":[],"outputFields":[]},"tgtFieldRefs":{},"targetUpdateColumns":[],"runtimeAttrs":{},"isRESTModernSource":true,"customQuery":"SELECT YEAR, ACCOUNT_NUMBER, SUM(BEGIN_BALANCE) BEGIN_BALANCE, SUM(AMOUNT) AMOUNT, SUM(ENDING_BALANCE) ENDING_BALANCE,HIER1_NAME ACCOUNT_NAME,\nHIER2_NAME ACCOUNT_DESC, HIER3_NAME ACCOUNT_SUBCATEGORY, HIER4_NAME ACCOUNT_CATEGORY, HIER5_NAME ACCOUNT,TOTAL_AMOUNT, CREDIT_AMOUNT, DEBIT_AMOUNT \n,FISCAL_YEARMONTH FROM\n(SELECT ACCOUNT_NUMBER, YEAR, (ENDING_BALANCE-SUM(NET_AMOUNT)) BEGIN_BALANCE, SUM(NET_AMOUNT) AMOUNT,ENDING_BALANCE, HIER1_NAME,\nHIER2_NAME, HIER3_NAME, HIER4_NAME, HIER5_NAME,SUM(TOTAL_AMOUNT) Total_Amount, SUM(CREDIT_AMOUNT) CREDIT_AMOUNT,SUM(DEBIT_AMOUNT) DEBIT_AMOUNT \n,FISCAL_YEARMONTH FROM\n(SELECT\nFAC.ACCOUNT_NUMBER, HIE.HIER1_NAME, HIE.HIER2_NAME, HIE.HIER3_NAME, HIE.HIER4_NAME,HIE.HIER5_NAME,\nsubstring(fac.GL_TRANSACTION_DATE_KEY,1,4) YEAR,\nFAC.NET_AMOUNT,\nSUM(FAC.NET_AMOUNT) OVER (PARTITION BY FAC.ACCOUNT_NUMBER ORDER BY SUBSTRING(FAC.GL_TRANSACTION_DATE_KEY,1,4)) ENDING_BALANCE,\nCASE WHEN FAC.ACCOUNT_NUMBER LIKE '2%' OR FAC.ACCOUNT_NUMBER LIKE '3%' OR FAC.ACCOUNT_NUMBER LIKE '4%' OR FAC.ACCOUNT_NUMBER LIKE '8%'\nTHEN (FAC.NET_AMOUNT* -1) ELSE FAC.NET_AMOUNT END TOTAL_AMOUNT,\nCASE WHEN FAC.ACCOUNT_NUMBER LIKE '2%' OR FAC.ACCOUNT_NUMBER LIKE '3%' OR FAC.ACCOUNT_NUMBER LIKE '4%' OR FAC.ACCOUNT_NUMBER LIKE '8%'\nTHEN (FAC.CREDIT_AMOUNT* -1) ELSE FAC.CREDIT_AMOUNT END CREDIT_AMOUNT, \nCASE WHEN FAC.ACCOUNT_NUMBER LIKE '2%' OR FAC.ACCOUNT_NUMBER LIKE '3%' OR FAC.ACCOUNT_NUMBER LIKE '4%' OR FAC.ACCOUNT_NUMBER LIKE '8%'\nTHEN (FAC.DEBIT_AMOUNT* -1) ELSE FAC.DEBIT_AMOUNT END DEBIT_AMOUNT,dat.FISCAL_YEARMONTH FISCAL_YEARMONTH\nFROM \"INFOFISCUS_SUMO_DATAMART\".\"FINANCE\".\"FACT_GLJOURNALS\" FAC LEFT JOIN  \"INFOFISCUS_SUMO_DATAMART\".\"FINANCE\".\"DIM_HIERARCHY\" HIE ON\nFAC.ACCOUNT_NUMBER=HIE.HIER_NUM\ninner join \"INFOFISCUS_SUMO_DATAMART\".\"FINANCE\".\"DIM_DATE\" dat on fac. GL_TRANSACTION_DATE_KEY=dat.DATE_PKEY\nORDER BY 2)\nGROUP BY 1,2,5,6,7,8,9,10,14\nORDER BY 2)\nWHERE YEAR >= 2015 and YEAR <=2017\nGROUP BY 1,2,6,7,8,9,10,11,12,13,14\nORDER BY 1","isFileList":false,"handleSpecialChars":false,"frsAsset":false,"dynamicFileName":false,"currentlyProcessedFileName":false,"tgtObjectAttributes":{},"runtimeParameterData":{"@type":"mtTaskRuntimeParameterData","isConnectionRuntimeParameter":false,"isObjectRuntimeParameter":false},"overriddenFields":[]},{"@type":"mtTaskParameter","id":242680105,"name":"$Tgt_trial_Balance$","type":"TARGET","label":"Tgt_trial_Balance","uiProperties":{"connectionParameterized":"false","objectParameterized":"false","visible":"false","defaultTargetUpdateColumns":""},"targetConnectionId":"@hkYtknnAd2EcQ58EbFM0on","targetObject":"INFOFISCUS_SUMO_DATAMART/FINANCE/AGG_TRIAL_BALANCE","targetObjectLabel":"AGG_TRIAL_BALANCE","newFlatFile":false,"newObject":false,"showBusinessNames":false,"naturalOrder":true,"truncateTarget":false,"bulkApiDBTarget":false,"operationType":"Insert","customFuncCfg":{"@type":"customFuncConfig","id":-1,"connections":[],"inputMap":[],"outputFields":[]},"tgtFieldRefs":{},"targetUpdateColumns":[],"extendedObject":{"@type":"extendedObject","filters":[],"sortFields":[]},"runtimeAttrs":{},"isRESTModernSource":true,"isFileList":false,"handleSpecialChars":false,"frsAsset":false,"dynamicFileName":false,"currentlyProcessedFileName":false,"tgtObjectAttributes":{},"runtimeParameterData":{"@type":"mtTaskRuntimeParameterData","isConnectionRuntimeParameter":false,"isObjectRuntimeParameter":false},"overriddenFields":[]}],"sequences":[],"inOutParameters":[],"connRuntimeAttrs":[]}]