[{"@type":"fileRecord","id":"@4","name":"metadata","type":"JSON","size":10674,"attachTime":1620132502000},{"@type":"fileRecord","id":"@5","name":"request","type":"XSD","size":6565,"attachTime":1620132502000},{"@type":"fileRecord","id":"@6","name":"response","type":"XSD","size":18588,"attachTime":1620132502000},{"@type":"fileRecord","id":"@3","name":"fault","type":"XSD","size":6379,"attachTime":1620132502000},{"@type":"fileRecord","id":"@2","name":"extension","type":"XML","size":37778,"attachTime":1620132502000}]